No;Wind (m/s);Temp (°C);Stability;Rate In (kL/jam);Rate in (m3/s);T_eff (menit);Thickness (mm);Volume (m3);Area(m2);Zone Red (m);Zone orange (m);Zone yellow (m)
1;1.5;25;B;250;0.069444444;2;5;8.333333333;1666.666667;23;23;32
2;1.5;25;B;250;0.069444444;2;10;8.333333333;833.3333333;16;16;22
3;1.5;25;B;250;0.069444444;2;20;8.333333333;416.6666667;11;11;16
4;1.5;25;B;250;0.069444444;5;5;20.83333333;4166.666667;36;36;50
5;1.5;25;B;250;0.069444444;5;10;20.83333333;2083.333333;26;26;34
6;1.5;25;B;250;0.069444444;5;20;20.83333333;1041.666667;18;18;25
7;1.5;25;B;250;0.069444444;15;5;62.5;12500;63;63;83
8;1.5;25;B;250;0.069444444;15;10;62.5;6250;45;45;58
9;1.5;25;B;250;0.069444444;15;20;62.5;3125;31;32;42
10;1.5;25;B;250;0.069444444;30;5;125;25000;98;127;221
11;1.5;25;B;250;0.069444444;30;10;125;12500;70;91;159
12;1.5;25;B;250;0.069444444;30;20;125;6250;48;62;107
13;1.5;25;B;250;0.069444444;45;7;187.5;26785.71429;102;131;229
14;1.5;25;B;250;0.069444444;45;10;187.5;18750;86;111;193
15;1.5;25;B;250;0.069444444;45;20;187.5;9375;58;75;131
16;1.5;25;B;350;0.097222222;2;6;11.66666667;1944.444444;28;37;54
17;1.5;25;B;350;0.097222222;2;10;11.66666667;1166.666667;22;29;50
18;1.5;25;B;350;0.097222222;2;20;11.66666667;583.3333333;15;20;34
19;1.5;25;B;350;0.097222222;5;6;29.16666667;4861.111111;44;57;100
20;1.5;25;B;350;0.097222222;5;10;29.16666667;2916.666667;35;45;78
21;1.5;25;B;350;0.097222222;5;20;29.16666667;1458.333333;23;30;53
22;1.5;25;B;350;0.097222222;15;5;87.5;17500;82;107;186
23;1.5;25;B;350;0.097222222;15;10;87.5;8750;60;77;133
24;1.5;25;B;350;0.097222222;15;20;87.5;4375;40;52;90
25;1.5;25;B;350;0.097222222;30;6;175;29166.66667;105;136;238
26;1.5;25;B;350;0.097222222;30;10;175;17500;83;107;187
27;1.5;25;B;350;0.097222222;30;20;175;8750;56;72;127
28;1.5;25;B;350;0.097222222;45;8.50;262.5;30882.35294;109;141;246
29;1.5;25;B;350;0.097222222;45;10;262.5;26250;101;130;228
30;1.5;25;B;350;0.097222222;45;20;262.5;13125;68;88;154
31;1.5;25;B;550;0.152777778;2;6;18.33333333;3055.555556;36;45;80
32;1.5;25;B;550;0.152777778;2;10;18.33333333;1833.333333;28;36;63
33;1.5;25;B;550;0.152777778;2;20;18.33333333;916.6666667;19;24;42
34;1.5;25;B;550;0.152777778;5;5;45.83333333;9166.666667;60;78;135
35;1.5;25;B;550;0.152777778;5;10;45.83333333;4583.333333;44;56;97
36;1.5;25;B;550;0.152777778;5;20;45.83333333;2291.666667;30;38;66
37;1.5;25;B;550;0.152777778;15;5;137.5;27500;102;133;231
38;1.5;25;B;550;0.152777778;15;10;137.5;13750;74;96;166
39;1.5;25;B;550;0.152777778;15;20;137.5;6875;50;64;113
40;1.5;25;B;550;0.152777778;30;9;275;30555.55556;108;141;244
41;1.5;25;B;550;0.152777778;30;10;275;27500;103;133;233
42;1.5;25;B;550;0.152777778;30;20;275;13750;70;91;158
43;1.5;25;B;550;0.152777778;45;13.5;412.5;30555.55556;109;141;246
44;1.5;25;B;550;0.152777778;45;17;412.5;24264.70588;92;119;208
45;1.5;25;B;550;0.152777778;45;25;412.5;16500;77;99;173
46;1.5;25;D;250;0.069444444;2;5;8.333333333;1666.666667;28;36;63
47;1.5;25;D;250;0.069444444;2;10;8.333333333;833.3333333;19;25;43
48;1.5;25;D;250;0.069444444;2;20;8.333333333;416.6666667;14;18;31
49;1.5;25;D;250;0.069444444;5;5;20.83333333;4166.666667;42;54;94
50;1.5;25;D;250;0.069444444;5;10;20.83333333;2083.333333;30;39;67
51;1.5;25;D;250;0.069444444;5;20;20.83333333;1041.666667;22;28;49
52;1.5;25;D;250;0.069444444;15;5;62.5;12500;73;95;163
53;1.5;25;D;250;0.069444444;15;10;62.5;6250;50;65;114
54;1.5;25;D;250;0.069444444;15;20;62.5;3125;36;47;82
55;1.5;25;D;250;0.069444444;30;5;125;25000;99;128;225
56;1.5;25;D;250;0.069444444;30;10;125;12500;70;91;159
57;1.5;25;D;250;0.069444444;30;20;125;6250;51;66;114
58;1.5;25;D;250;0.069444444;45;6;187.5;31250;110;143;249
59;1.5;25;D;250;0.069444444;45;10;187.5;18750;86;111;194
60;1.5;25;D;250;0.069444444;45;20;187.5;9375;62;80;139
61;1.5;25;D;350;0.097222222;2;6;11.66666667;1944.444444;30;39;67
62;1.5;25;D;350;0.097222222;2;10;11.66666667;1166.666667;22;29;50
63;1.5;25;D;350;0.097222222;2;20;11.66666667;583.3333333;16;21;36
64;1.5;25;D;350;0.097222222;5;5.5;29.16666667;5303.030303;47;61;105
65;1.5;25;D;350;0.097222222;5;10;29.16666667;2916.666667;35;45;78
66;1.5;25;D;350;0.097222222;5;20;29.16666667;1458.333333;25;33;56
67;1.5;25;D;350;0.097222222;15;5;87.5;17500;86;111;191
68;1.5;25;D;350;0.097222222;15;10;87.5;8750;60;77;134
69;1.5;25;D;350;0.097222222;15;20;87.5;4375;43;55;96
70;1.5;25;D;350;0.097222222;30;6;175;29166.66667;107;138;241
71;1.5;25;D;350;0.097222222;30;10;175;17500;83;108;188
72;1.5;25;D;350;0.097222222;30;20;175;8750;60;77;135
73;1.5;25;D;350;0.097222222;45;8.5;262.5;30882.35294;109;141;247
74;1.5;25;D;350;0.097222222;45;15;262.5;17500;83;108;188
75;1.5;25;D;350;0.097222222;45;25;262.5;10500;66;85;148
76;1.5;25;D;550;0.152777778;2;6;18.33333333;3055.555556;37;48;83
77;1.5;25;D;550;0.152777778;2;10;18.33333333;1833.333333;28;36;63
78;1.5;25;D;550;0.152777778;2;20;18.33333333;916.6666667;20;26;45
79;1.5;25;D;550;0.152777778;5;5;45.83333333;9166.666667;63;81;141
80;1.5;25;D;550;0.152777778;5;10;45.83333333;4583.333333;44;56;98
81;1.5;25;D;550;0.152777778;5;20;45.83333333;2291.666667;31;41;70
82;1.5;25;D;550;0.152777778;15;5;137.5;27500;104;135;235
83;1.5;25;D;550;0.152777778;15;10;137.5;13750;74;96;167
84;1.5;25;D;550;0.152777778;15;20;137.5;6875;53;69;120
85;1.5;25;D;550;0.152777778;30;9;275;30555.55556;109;141;246
86;1.5;25;D;550;0.152777778;30;14;275;19642.85714;88;114;199
87;1.5;25;D;550;0.152777778;30;23;275;11956.52174;70;90;157
88;1.5;25;D;550;0.152777778;45;13.5;412.5;30555.55556;109;141;247
89;1.5;25;D;550;0.152777778;45;18;412.5;22916.66667;96;123;215
90;1.5;25;D;550;0.152777778;45;25;412.5;16500;81;105;184
91;1.5;25;F;250;0.069444444;2;5;8.333333333;1666.666667;58;75;133
92;1.5;25;F;250;0.069444444;2;10;8.333333333;833.3333333;41;53;93
93;1.5;25;F;250;0.069444444;2;20;8.333333333;416.6666667;30;38;67
94;1.5;25;F;250;0.069444444;5;5;20.83333333;4166.666667;91;118;211
95;1.5;25;F;250;0.069444444;5;10;20.83333333;2083.333333;64;83;147
96;1.5;25;F;250;0.069444444;5;20;20.83333333;1041.666667;46;60;105
97;1.5;25;F;250;0.069444444;15;5;62.5;12500;157;204;370
98;1.5;25;F;250;0.069444444;15;10;62.5;6250;110;144;258
99;1.5;25;F;250;0.069444444;15;20;62.5;3125;79;103;182
100;1.5;25;F;250;0.069444444;30;5;125;25000;222;292;539
101;1.5;25;F;250;0.069444444;30;10;125;12500;157;205;373
102;1.5;25;F;250;0.069444444;30;20;125;6250;111;145;261
103;1.5;25;F;250;0.069444444;45;6;187.5;31250;251;331;612
104;1.5;25;F;250;0.069444444;45;10;187.5;18750;193;253;464
105;1.5;25;F;250;0.069444444;45;20;187.5;9375;136;179;323
106;1.5;25;F;350;0.097222222;2;6;11.66666667;1944.444444;64;81;143
107;1.5;25;F;350;0.097222222;2;10;11.66666667;1166.666667;48;63;110
108;1.5;25;F;350;0.097222222;2;20;11.66666667;583.3333333;34;45;78
109;1.5;25;F;350;0.097222222;5;6;29.16666667;4861.111111;99;128;225
110;1.5;25;F;350;0.097222222;5;10;29.16666667;2916.666667;75;98;175
111;1.5;25;F;350;0.097222222;5;20;29.16666667;1458.333333;54;70;124
112;1.5;25;F;350;0.097222222;15;5;87.5;17500;185;243;443
113;1.5;25;F;350;0.097222222;15;10;87.5;8750;130;171;309
114;1.5;25;F;350;0.097222222;15;20;87.5;4375;93;121;217
115;1.5;25;F;350;0.097222222;30;6;175;29166.66667;242;319;589
116;1.5;25;F;350;0.097222222;30;10;175;17500;186;244;446
117;1.5;25;F;350;0.097222222;30;20;175;8750;132;172;311
118;1.5;25;F;350;0.097222222;45;9;262.5;29166.66667;241;319;590
119;1.5;25;F;350;0.097222222;45;14;262.5;18750;193;254;465
120;1.5;25;F;350;0.097222222;45;24;262.5;10937.5;148;194;351
121;1.5;25;F;550;0.152777778;2;6;18.33333333;3055.555556;78;102;178
122;1.5;25;F;550;0.152777778;2;10;18.33333333;1833.333333;60;78;138
123;1.5;25;F;550;0.152777778;2;20;18.33333333;916.6666667;43;56;99
124;1.5;25;F;550;0.152777778;5;5;45.83333333;9166.666667;135;176;318
125;1.5;25;F;550;0.152777778;5;10;45.83333333;4583.333333;94;123;220
126;1.5;25;F;550;0.152777778;5;20;45.83333333;2291.666667;67;88;156
127;1.5;25;F;550;0.152777778;15;5;137.5;27500;233;307;567
128;1.5;25;F;550;0.152777778;15;10;137.5;13750;164;215;392
129;1.5;25;F;550;0.152777778;15;20;137.5;6875;117;152;274
130;1.5;25;F;550;0.152777778;30;9;275;30555.55556;247;327;605
131;1.5;25;F;550;0.152777778;30;15;275;18333.33333;191;251;460
132;1.5;25;F;550;0.152777778;30;25;275;11000;148;194;352
133;1.5;25;F;550;0.152777778;45;14;412.5;29464.28571;244;322;596
134;1.5;25;F;550;0.152777778;45;18;412.5;22916.66667;215;283;521
135;1.5;25;F;550;0.152777778;45;24;412.5;17187.5;186;244;448
136;1.5;27;B;250;0.069444444;2;5;8.333333333;1666.666667;23;23;34
137;1.5;27;B;250;0.069444444;2;10;8.333333333;833.3333333;16;16;23
138;1.5;27;B;250;0.069444444;2;20;8.333333333;416.6666667;11;11;17
139;1.5;27;B;250;0.069444444;5;5;20.83333333;4166.666667;36;36;52
140;1.5;27;B;250;0.069444444;5;10;20.83333333;2083.333333;26;26;36
141;1.5;27;B;250;0.069444444;5;20;20.83333333;1041.666667;18;18;26
142;1.5;27;B;250;0.069444444;15;5;62.5;12500;63;63;85
143;1.5;27;B;250;0.069444444;15;10;62.5;6250;45;45;60
144;1.5;27;B;250;0.069444444;15;20;62.5;3125;31;32;44
145;1.5;27;B;250;0.069444444;30;5;125;25000;89;89;121
146;1.5;27;B;250;0.069444444;30;10;125;12500;63;63;84
147;1.5;27;B;250;0.069444444;30;20;125;6250;45;45;61
148;1.5;27;B;250;0.069444444;45;6;187.5;31250;100;100;134
149;1.5;27;B;250;0.069444444;45;10;187.5;18750;77;77;102
150;1.5;27;B;250;0.069444444;45;20;187.5;9375;55;55;74
151;1.5;27;B;350;0.097222222;2;5.5;11.66666667;2121.212121;26;26;38
152;1.5;27;B;350;0.097222222;2;10;11.66666667;1166.666667;19;19;27
153;1.5;27;B;350;0.097222222;2;20;11.66666667;583.3333333;14;14;20
154;1.5;27;B;350;0.097222222;5;6;29.16666667;4861.111111;39;39;56
155;1.5;27;B;350;0.097222222;5;10;29.16666667;2916.666667;30;30;42
156;1.5;27;B;350;0.097222222;5;20;29.16666667;1458.333333;22;22;31
157;1.5;27;B;350;0.097222222;15;5;87.5;17500;75;75;99
158;1.5;27;B;350;0.097222222;15;10;87.5;8750;53;53;71
159;1.5;27;B;350;0.097222222;15;20;87.5;4375;38;37;52
160;1.5;27;B;350;0.097222222;30;6;175;29166.66667;96;96;130
161;1.5;27;B;350;0.097222222;30;10;175;17500;75;75;98
162;1.5;27;B;350;0.097222222;30;20;175;8750;53;53;71
163;1.5;27;B;350;0.097222222;45;8.6;262.5;30523.25581;99;98;127
164;1.5;27;B;350;0.097222222;45;10;262.5;26250;91;91;119
165;1.5;27;B;350;0.097222222;45;20;262.5;13125;64;65;86
166;1.5;27;B;550;0.152777778;2;6;18.33333333;3055.555556;41;41;45
167;1.5;27;B;550;0.152777778;2;10;18.33333333;1833.333333;24;24;34
168;1.5;27;B;550;0.152777778;2;20;18.33333333;916.6666667;17;17;25
169;1.5;27;B;550;0.152777778;5;5;45.83333333;9166.666667;54;54;75
170;1.5;27;B;550;0.152777778;5;10;45.83333333;4583.333333;38;38;52
171;1.5;27;B;550;0.152777778;5;20;45.83333333;2291.666667;27;27;38
172;1.5;27;B;550;0.152777778;15;5;137.5;27500;94;94;122
173;1.5;27;B;550;0.152777778;15;10;137.5;13750;66;66;88
174;1.5;27;B;550;0.152777778;15;20;137.5;6875;47;47;64
175;1.5;27;B;550;0.152777778;30;9;275;30555.55556;99;99;127
176;1.5;27;B;550;0.152777778;30;10;275;27500;94;94;121
177;1.5;27;B;550;0.152777778;30;20;275;13750;66;66;88
178;1.5;27;B;550;0.152777778;45;13.5;412.5;30555.55556;99;99;128
179;1.5;27;B;550;0.152777778;45;16;412.5;25781.25;90;90;118
180;1.5;27;B;550;0.152777778;45;23;412.5;17934.78261;75;76;100
181;1.5;27;D;250;0.069444444;2;5;8.333333333;1666.666667;29;38;66
182;1.5;27;D;250;0.069444444;2;10;8.333333333;833.3333333;20;26;45
183;1.5;27;D;250;0.069444444;2;20;8.333333333;416.6666667;14;19;33
184;1.5;27;D;250;0.069444444;5;5;20.83333333;4166.666667;45;58;102
185;1.5;27;D;250;0.069444444;5;10;20.83333333;2083.333333;31;40;70
186;1.5;27;D;250;0.069444444;5;20;20.83333333;1041.666667;22;29;50
187;1.5;27;D;250;0.069444444;15;5;62.5;12500;75;96;168
188;1.5;27;D;250;0.069444444;15;10;62.5;6250;53;68;119
189;1.5;27;D;250;0.069444444;15;20;62.5;3125;38;49;86
190;1.5;27;D;250;0.069444444;30;5;125;25000;104;135;236
191;1.5;27;D;250;0.069444444;30;10;125;12500;74;96;167
192;1.5;27;D;250;0.069444444;30;20;125;6250;53;69;120
193;1.5;27;D;250;0.069444444;45;6.1;187.5;30737.70492;119;152;262
194;1.5;27;D;250;0.069444444;45;10;187.5;18750;90;116;203
195;1.5;27;D;250;0.069444444;45;20;187.5;9375;65;84;146
196;1.5;27;D;350;0.097222222;2;5.5;11.66666667;2121.212121;33;42;74
197;1.5;27;D;350;0.097222222;2;10;11.66666667;1166.666667;23;30;53
198;1.5;27;D;350;0.097222222;2;20;11.66666667;583.3333333;17;22;38
199;1.5;27;D;350;0.097222222;5;6;29.16666667;4861.111111;47;61;106
200;1.5;27;D;350;0.097222222;5;10;29.16666667;2916.666667;36;47;82
201;1.5;27;D;350;0.097222222;5;20;29.16666667;1458.333333;27;34;60
202;1.5;27;D;350;0.097222222;15;5;87.5;17500;88;113;198
203;1.5;27;D;350;0.097222222;15;10;87.5;8750;62;80;140
204;1.5;27;D;350;0.097222222;15;20;87.5;4375;45;58;101
205;1.5;27;D;350;0.097222222;30;6;175;29166.66667;116;149;255
206;1.5;27;D;350;0.097222222;30;10;175;17500;87;113;196
207;1.5;27;D;350;0.097222222;30;20;175;8750;63;81;141
208;1.5;27;D;350;0.097222222;45;8.5;262.5;30882.35294;114;148;259
209;1.5;27;D;350;0.097222222;45;10;262.5;26250;106;137;240
210;1.5;27;D;350;0.097222222;45;20;262.5;13125;76;99;172
211;1.5;27;D;550;0.152777778;2;6;18.33333333;3055.555556;39;50;88
212;1.5;27;D;550;0.152777778;2;10;18.33333333;1833.333333;29;38;66
213;1.5;27;D;550;0.152777778;2;20;18.33333333;916.6666667;21;27;47
214;1.5;27;D;550;0.152777778;5;5;45.83333333;9166.666667;66;86;148
215;1.5;27;D;550;0.152777778;5;10;45.83333333;4583.333333;45;59;102
216;1.5;27;D;550;0.152777778;5;20;45.83333333;2291.666667;33;42;74
217;1.5;27;D;550;0.152777778;15;5;137.5;27500;109;141;247
218;1.5;27;D;550;0.152777778;15;10;137.5;13750;77;100;175
219;1.5;27;D;550;0.152777778;15;20;137.5;6875;56;72;125
220;1.5;27;D;550;0.152777778;30;9;275;30555.55556;114;147;258
221;1.5;27;D;550;0.152777778;30;15;275;18333.33333;89;116;202
222;1.5;27;D;550;0.152777778;30;20;275;13750;78;101;176
223;1.5;27;D;550;0.152777778;45;14;412.5;29464.28571;113;146;255
224;1.5;27;D;550;0.152777778;45;18;412.5;22916.66667;100;129;226
225;1.5;27;D;550;0.152777778;45;25;412.5;16500;86;11;193
226;1.5;27;F;250;0.069444444;2;5;8.333333333;1666.666667;62;80;139
227;1.5;27;F;250;0.069444444;2;10;8.333333333;833.3333333;43;55;97
228;1.5;27;F;250;0.069444444;2;20;8.333333333;416.6666667;31;40;70
229;1.5;27;F;250;0.069444444;5;5;20.83333333;4166.666667;96;125;219
230;1.5;27;F;250;0.069444444;5;10;20.83333333;2083.333333;67;87;154
231;1.5;27;F;250;0.069444444;5;20;20.83333333;1041.666667;48;63;110
232;1.5;27;F;250;0.069444444;15;5;62.5;12500;164;215;390
233;1.5;27;F;250;0.069444444;15;10;62.5;6250;116;151;271
234;1.5;27;F;250;0.069444444;15;20;62.5;3125;83;108;191
235;1.5;27;F;250;0.069444444;30;5;125;25000;233;307;568
236;1.5;27;F;250;0.069444444;30;10;125;12500;164;215;392
237;1.5;27;F;250;0.069444444;30;20;125;6250;117;152;274
238;1.5;27;F;250;0.069444444;45;6;187.5;31250;260;344;639
239;1.5;27;F;250;0.069444444;45;10;187.5;18750;202;266;488
240;1.5;27;F;250;0.069444444;45;20;187.5;9375;143;187;339
241;1.5;27;F;350;0.097222222;2;6;11.66666667;1944.444444;67;86;149
242;1.5;27;F;350;0.097222222;2;10;11.66666667;1166.666667;50;66;115
243;1.5;27;F;350;0.097222222;2;20;11.66666667;583.3333333;36;47;83
244;1.5;27;F;350;0.097222222;5;5.5;29.16666667;5303.030303;108;140;248
245;1.5;27;F;350;0.097222222;5;10;29.16666667;2916.666667;79;103;183
246;1.5;27;F;350;0.097222222;5;20;29.16666667;1458.333333;56;74;130
247;1.5;27;F;350;0.097222222;15;5;87.5;17500;197;258;472
248;1.5;27;F;350;0.097222222;15;10;87.5;8750;137;179;324
249;1.5;27;F;350;0.097222222;15;20;87.5;4375;97;127;228
250;1.5;27;F;350;0.097222222;30;6;175;29166.66667;255;337;620
251;1.5;27;F;350;0.097222222;30;10;175;17500;195;256;470
252;1.5;27;F;350;0.097222222;30;20;175;8750;138;181;327
253;1.5;27;F;350;0.097222222;45;8.5;262.5;30882.35294;261;345;641
254;1.5;27;F;350;0.097222222;45;10;262.5;26250;240;317;587
255;1.5;27;F;350;0.097222222;45;20;262.5;13125;169;222;406
256;1.5;27;F;550;0.152777778;2;6;18.33333333;3055.555556;82;107;187
257;1.5;27;F;550;0.152777778;2;10;18.33333333;1833.333333;63;81;145
258;1.5;27;F;550;0.152777778;2;20;18.33333333;916.6666667;45;59;103
259;1.5;27;F;550;0.152777778;5;5;45.83333333;9166.666667;141;183;331
260;1.5;27;F;550;0.152777778;5;10;45.83333333;4583.333333;99;129;231
261;1.5;27;F;550;0.152777778;5;20;45.83333333;2291.666667;71;92;163
262;1.5;27;F;550;0.152777778;15;5;137.5;27500;245;323;598
263;1.5;27;F;550;0.152777778;15;10;137.5;13750;172;226;412
264;1.5;27;F;550;0.152777778;15;20;137.5;6875;122;160;288
265;1.5;27;F;550;0.152777778;30;9;275;30555.55556;260;343;638
266;1.5;27;F;550;0.152777778;30;10;275;27500;246;325;602
267;1.5;27;F;550;0.152777778;30;20;275;13750;174;228;417
268;1.5;27;F;550;0.152777778;45;14;412.5;29464.28571;256;338;628
269;1.5;27;F;550;0.152777778;45;19;412.5;21710.52632;219;289;533
270;1.5;27;F;550;0.152777778;45;25;412.5;16500;191;252;461
271;1.5;30;B;250;0.069444444;2;5;8.333333333;1666.666667;23;23;36
272;1.5;30;B;250;0.069444444;2;10;8.333333333;833.3333333;16;16;25
273;1.5;30;B;250;0.069444444;2;20;8.333333333;416.6666667;11;11;18
274;1.5;30;B;250;0.069444444;5;5;20.83333333;4166.666667;36;36;56
275;1.5;30;B;250;0.069444444;5;10;20.83333333;2083.333333;26;26;38
276;1.5;30;B;250;0.069444444;5;20;20.83333333;1041.666667;18;18;28
277;1.5;30;B;250;0.069444444;15;5;62.5;12500;63;63;91
278;1.5;30;B;250;0.069444444;15;10;62.5;6250;45;45;64
279;1.5;30;B;250;0.069444444;15;20;62.5;3125;31;32;47
280;1.5;30;B;250;0.069444444;30;5;125;25000;89;89;129
281;1.5;30;B;250;0.069444444;30;10;125;12500;63;63;89
282;1.5;30;B;250;0.069444444;30;20;125;6250;45;45;65
283;1.5;30;B;250;0.069444444;45;6.5;187.5;28846.15385;96;96;133
284;1.5;30;B;250;0.069444444;45;10;187.5;18750;77;77;108
285;1.5;30;B;250;0.069444444;45;20;187.5;9375;55;55;79
286;1.5;30;B;350;0.097222222;2;6;11.66666667;1944.444444;25;25;39
287;1.5;30;B;350;0.097222222;2;10;11.66666667;1166.666667;19;19;25
288;1.5;30;B;350;0.097222222;2;20;11.66666667;583.3333333;14;14;21
289;1.5;30;B;350;0.097222222;5;5.5;29.16666667;5303.030303;41;41;63
290;1.5;30;B;350;0.097222222;5;10;29.16666667;2916.666667;30;30;45
291;1.5;30;B;350;0.097222222;5;20;29.16666667;1458.333333;22;22;33
292;1.5;30;B;350;0.097222222;15;5;87.5;17500;75;75;110
293;1.5;30;B;350;0.097222222;15;10;87.5;8750;53;53;75
294;1.5;30;B;350;0.097222222;15;20;87.5;4375;37;37;55
295;1.5;30;B;350;0.097222222;30;6;175;29166.66667;96;96;139
296;1.5;30;B;350;0.097222222;30;10;175;17500;75;75;105
297;1.5;30;B;350;0.097222222;30;20;175;8750;53;53;77
298;1.5;30;B;350;0.097222222;45;8.5;262.5;30882.35294;99;99;137
299;1.5;30;B;350;0.097222222;45;10;262.5;26250;91;91;127
300;1.5;30;B;350;0.097222222;45;20;262.5;13125;64;65;92
301;1.5;30;B;550;0.152777778;2;6;18.33333333;3055.555556;31;31;48
302;1.5;30;B;550;0.152777778;2;10;18.33333333;1833.333333;24;24;36
303;1.5;30;B;550;0.152777778;2;20;18.33333333;916.6666667;17;17;26
304;1.5;30;B;550;0.152777778;5;5;45.83333333;9166.666667;54;54;81
305;1.5;30;B;550;0.152777778;5;10;45.83333333;4583.333333;38;38;56
306;1.5;30;B;550;0.152777778;5;20;45.83333333;2291.666667;27;27;41
307;1.5;30;B;550;0.152777778;15;5;137.5;27500;94;94;135
308;1.5;30;B;550;0.152777778;15;10;137.5;13750;66;66;94
309;1.5;30;B;550;0.152777778;15;20;137.5;6875;47;47;68
310;1.5;30;B;550;0.152777778;30;9;275;30555.55556;99;99;136
311;1.5;30;B;550;0.152777778;30;10;275;27500;94;94;130
312;1.5;30;B;550;0.152777778;30;20;275;13750;66;66;94
313;1.5;30;B;550;0.152777778;45;13.5;412.5;30555.55556;99;99;136
314;1.5;30;B;550;0.152777778;45;17;412.5;24264.70588;88;88;123
315;1.5;30;B;550;0.152777778;45;23;412.5;17934.78261;75;76;107
316;1.5;30;D;250;0.069444444;2;5;8.333333333;1666.666667;31;41;70
317;1.5;30;D;250;0.069444444;2;10;8.333333333;833.3333333;22;28;48
318;1.5;30;D;250;0.069444444;2;20;8.333333333;416.6666667;16;20;35
319;1.5;30;D;250;0.069444444;5;5;20.83333333;4166.666667;49;63;110
320;1.5;30;D;250;0.069444444;5;10;20.83333333;2083.333333;33;43;75
321;1.5;30;D;250;0.069444444;5;20;20.83333333;1041.666667;24;31;54
322;1.5;30;D;250;0.069444444;15;5;62.5;12500;83;107;182
323;1.5;30;D;250;0.069444444;15;10;62.5;6250;56;73;127
324;1.5;30;D;250;0.069444444;15;20;62.5;3125;41;53;92
325;1.5;30;D;250;0.069444444;30;5;125;25000;115;148;255
326;1.5;30;D;250;0.069444444;30;10;125;12500;79;102;179
327;1.5;30;D;250;0.069444444;30;20;125;6250;57;74;128
328;1.5;30;D;250;0.069444444;45;6;187.5;31250;128;164;282
329;1.5;30;D;250;0.069444444;45;10;187.5;18750;96;125;218
330;1.5;30;D;250;0.069444444;45;20;187.5;9375;69;90;157
331;1.5;30;D;350;0.097222222;2;5.5;11.66666667;2121.212121;35;45;79
332;1.5;30;D;350;0.097222222;2;10;11.66666667;1166.666667;25;33;56
333;1.5;30;D;350;0.097222222;2;20;11.66666667;583.3333333;18;23;41
334;1.5;30;D;350;0.097222222;5;6;29.16666667;4861.111111;52;67;117
335;1.5;30;D;350;0.097222222;5;10;29.16666667;2916.666667;39;50;88
336;1.5;30;D;350;0.097222222;5;20;29.16666667;1458.333333;28;36;64
337;1.5;30;D;350;0.097222222;15;5;87.5;17500;97;125;215
338;1.5;30;D;350;0.097222222;15;10;87.5;8750;66;86;150
339;1.5;30;D;350;0.097222222;15;20;87.5;4375;48;62;108
340;1.5;30;D;350;0.097222222;30;6;175;29166.66667;124;159;273
341;1.5;30;D;350;0.097222222;30;10;175;17500;93;121;210
342;1.5;30;D;350;0.097222222;30;20;175;8750;67;87;151
343;1.5;30;D;350;0.097222222;45;8.5;262.5;30882.35294;122;158;278
344;1.5;30;D;350;0.097222222;45;10;262.5;26250;113;147;257
345;1.5;30;D;350;0.097222222;45;20;262.5;13125;81;106;185
346;1.5;30;D;550;0.152777778;2;6;18.33333333;3055.555556;42;54;94
347;1.5;30;D;550;0.152777778;2;10;18.33333333;1833.333333;31;41;70
348;1.5;30;D;550;0.152777778;2;20;18.33333333;916.6666667;23;30;51
349;1.5;30;D;550;0.152777778;5;5;45.83333333;9166.666667;71;92;158
350;1.5;30;D;550;0.152777778;5;10;45.83333333;4583.333333;29;63;110
351;1.5;30;D;550;0.152777778;5;20;45.83333333;2291.666667;35;45;79
352;1.5;30;D;550;0.152777778;15;5;137.5;27500;121;155;266
353;1.5;30;D;550;0.152777778;15;10;137.5;13750;83;107;187
354;1.5;30;D;550;0.152777778;15;20;137.5;6875;60;77;135
355;1.5;30;D;550;0.152777778;30;9;275;30555.55556;122;158;277
356;1.5;30;D;550;0.152777778;30;10;275;27500;116;150;263
357;1.5;30;D;550;0.152777778;30;20;275;13750;83;108;189
358;1.5;30;D;550;0.152777778;45;14;412.5;29464.28571;121;156;273
359;1.5;30;D;550;0.152777778;45;18;412.5;22916.66667;107;138;242
360;1.5;30;D;550;0.152777778;45;25;412.5;16500;92;119;207
361;1.5;30;F;250;0.069444444;2;5;8.333333333;1666.666667;67;86;149
362;1.5;30;F;250;0.069444444;2;10;8.333333333;833.3333333;45;60;105
363;1.5;30;F;250;0.069444444;2;20;8.333333333;416.6666667;33;43;75
364;1.5;30;F;250;0.069444444;5;5;20.83333333;4166.666667;103;134;237
365;1.5;30;F;250;0.069444444;5;10;20.83333333;2083.333333;72;93;166
366;1.5;30;F;250;0.069444444;5;20;20.83333333;1041.666667;52;67;118
367;1.5;30;F;250;0.069444444;15;5;62.5;12500;177;231;421
368;1.5;30;F;250;0.069444444;15;10;62.5;6250;124;162;292
369;1.5;30;F;250;0.069444444;15;20;62.5;3125;89;116;206
370;1.5;30;F;250;0.069444444;30;5;125;25000;251;332;614
371;1.5;30;F;250;0.069444444;30;10;125;12500;176;231;423
372;1.5;30;F;250;0.069444444;30;20;125;6250;125;164;295
373;1.5;30;F;250;0.069444444;45;6;187.5;31250;281;371;692
374;1.5;30;F;250;0.069444444;45;10;187.5;18750;217;286;527
375;1.5;30;F;250;0.069444444;45;20;187.5;9375;154;201;366
376;1.5;30;F;350;0.097222222;2;6;11.66666667;1944.444444;72;92;160
377;1.5;30;F;350;0.097222222;2;10;11.66666667;1166.666667;54;70;124
378;1.5;30;F;350;0.097222222;2;20;11.66666667;583.3333333;36;50;88
379;1.5;30;F;350;0.097222222;5;6;29.16666667;4861.111111;111;144;255
380;1.5;30;F;350;0.097222222;5;10;29.16666667;2916.666667;85;110;197
381;1.5;30;F;350;0.097222222;5;20;29.16666667;1458.333333;61;79;140
382;1.5;30;F;350;0.097222222;15;5;87.5;17500;210;275;506
383;1.5;30;F;350;0.097222222;15;10;87.5;8750;147;193;349
384;1.5;30;F;350;0.097222222;15;20;87.5;4375;105;136;245
385;1.5;30;F;350;0.097222222;30;6;175;29166.66667;271;358;666
386;1.5;30;F;350;0.097222222;30;10;175;17500;209;276;508
387;1.5;30;F;350;0.097222222;30;20;175;8750;149;194;353
388;1.5;30;F;350;0.097222222;45;9;262.5;29166.66667;273;361;671
389;1.5;30;F;350;0.097222222;45;10;262.5;26250;258;341;634
390;1.5;30;F;350;0.097222222;45;20;262.5;13125;182;240;439
391;1.5;30;F;550;0.152777778;2;6;18.33333333;3055.555556;88;115;201
392;1.5;30;F;550;0.152777778;2;10;18.33333333;1833.333333;67;88;155
393;1.5;30;F;550;0.152777778;2;20;18.33333333;916.6666667;49;63;111
394;1.5;30;F;550;0.152777778;5;5;45.83333333;9166.666667;151;197;357
395;1.5;30;F;550;0.152777778;5;10;45.83333333;4583.333333;106;138;249
396;1.5;30;F;550;0.152777778;5;20;45.83333333;2291.666667;76;99;176
397;1.5;30;F;550;0.152777778;15;5;137.5;27500;268;354;647
398;1.5;30;F;550;0.152777778;15;10;137.5;13750;185;243;445
399;1.5;30;F;550;0.152777778;15;20;137.5;6875;132;172;310
400;1.5;30;F;550;0.152777778;30;9;275;30555.55556;279;370;689
401;1.5;30;F;550;0.152777778;30;10;275;27500;265;350;650
402;1.5;30;F;550;0.152777778;30;20;275;13750;186;246;450
403;1.5;30;F;550;0.152777778;45;14;412.5;29464.28571;276;365;679
404;1.5;30;F;550;0.152777778;45;18;412.5;22916.66667;243;320;594
405;1.5;30;F;550;0.152777778;45;24;412.5;17187.5;210;277;509
406;3;25;B;250;0.069444444;2;5;8.333333333;1666.666667;23;23;30
407;3;25;B;250;0.069444444;2;10;8.333333333;833.3333333;16;16;22
408;3;25;B;250;0.069444444;2;20;8.333333333;416.6666667;11;11;15
409;3;25;B;250;0.069444444;5;5;20.83333333;4166.666667;36;36;47
410;3;25;B;250;0.069444444;5;10;20.83333333;2083.333333;26;26;34
411;3;25;B;250;0.069444444;5;20;20.83333333;1041.666667;18;18;23
412;3;25;B;250;0.069444444;15;5;62.5;12500;63;63;79
413;3;25;B;250;0.069444444;15;10;62.5;6250;45;45;58
414;3;25;B;250;0.069444444;15;20;62.5;3125;31;32;39
415;3;25;B;250;0.069444444;30;5;125;25000;89;89;110
416;3;25;B;250;0.069444444;30;10;125;12500;63;63;80
417;3;25;B;250;0.069444444;30;20;125;6250;45;45;55
418;3;25;B;250;0.069444444;45;6;187.5;31250;100;100;122
419;3;25;B;250;0.069444444;45;10;187.5;18750;77;77;97
420;3;25;B;250;0.069444444;45;20;187.5;9375;55;55;66
421;3;25;B;350;0.097222222;2;6;11.66666667;1944.444444;25;25;33
422;3;25;B;350;0.097222222;2;10;11.66666667;1166.666667;19;19;26
423;3;25;B;350;0.097222222;2;20;11.66666667;583.3333333;14;14;17
424;3;25;B;350;0.097222222;5;6;29.16666667;4861.111111;39;39;51
425;3;25;B;350;0.097222222;5;10;29.16666667;2916.666667;30;30;40
426;3;25;B;350;0.097222222;5;20;29.16666667;1458.333333;22;22;27
427;3;25;B;350;0.097222222;15;5;87.5;17500;75;75;93
428;3;25;B;350;0.097222222;15;10;87.5;8750;53;53;67
429;3;25;B;350;0.097222222;15;20;87.5;4375;38;37;46
430;3;25;B;350;0.097222222;30;6;175;29166.66667;96;96;118
431;3;25;B;350;0.097222222;30;10;175;17500;75;75;94
432;3;25;B;350;0.097222222;30;20;175;8750;53;53;64
433;3;25;B;350;0.097222222;45;9;262.5;29166.66667;96;96;119
434;3;25;B;350;0.097222222;45;10;262.5;26250;91;91;113
435;3;25;B;350;0.097222222;45;20;262.5;13125;64;65;78
436;3;25;B;550;0.152777778;2;6;18.33333333;3055.555556;31;31;41
437;3;25;B;550;0.152777778;2;10;18.33333333;1833.333333;24;24;32
438;3;25;B;550;0.152777778;2;20;18.33333333;916.6666667;17;17;22
439;3;25;B;550;0.152777778;5;5;45.83333333;9166.666667;54;54;69
440;3;25;B;550;0.152777778;5;10;45.83333333;4583.333333;38;38;50
441;3;25;B;550;0.152777778;5;20;45.83333333;2291.666667;27;27;34
442;3;25;B;550;0.152777778;15;5;137.5;27500;94;94;115
443;3;25;B;550;0.152777778;15;10;137.5;13750;66;66;83
444;3;25;B;550;0.152777778;15;20;137.5;6875;47;47;57
445;3;25;B;550;0.152777778;30;9;275;30555.55556;99;99;12
446;3;25;B;550;0.152777778;30;10;275;27500;94;94;116
447;3;25;B;550;0.152777778;30;20;275;13750;66;66;80
448;3;25;B;550;0.152777778;45;14;412.5;29464.28571;97;97;120
449;3;25;B;550;0.152777778;45;17;412.5;24264.70588;88;88;103
450;3;25;B;550;0.152777778;45;24;412.5;17187.5;74;74;89
451;3;25;D;250;0.069444444;2;5;8.333333333;1666.666667;27;34;60
452;3;25;D;250;0.069444444;2;10;8.333333333;833.3333333;19;25;43
453;3;25;D;250;0.069444444;2;20;8.333333333;416.6666667;13;17;29
454;3;25;D;250;0.069444444;5;5;20.83333333;4166.666667;41;53;92
455;3;25;D;250;0.069444444;5;10;20.83333333;2083.333333;30;38;67
456;3;25;D;250;0.069444444;5;20;20.83333333;1041.666667;20;26;45
457;3;25;D;250;0.069444444;15;5;62.5;12500;70;90;157
458;3;25;D;250;0.069444444;15;10;62.5;6250;50;65;113
459;3;25;D;250;0.069444444;15;20;62.5;3125;34;44;77
460;3;25;D;250;0.069444444;30;5;125;25000;98;127;221
461;3;25;D;250;0.069444444;30;10;125;12500;70;91;159
462;3;25;D;250;0.069444444;30;20;125;6250;48;62;107
463;3;25;D;250;0.069444444;45;6;187.5;31250;109;141;246
464;3;25;D;250;0.069444444;45;10;187.5;18750;86;111;193
465;3;25;D;250;0.069444444;45;20;187.5;9375;58;75;131
466;3;25;D;350;0.097222222;2;6;11.66666667;1944.444444;28;37;64
467;3;25;D;350;0.097222222;2;10;11.66666667;1166.666667;22;29;50
468;3;25;D;350;0.097222222;2;20;11.66666667;583.3333333;15;20;34
469;3;25;D;350;0.097222222;5;6;29.16666667;4861.111111;44;57;100
470;3;25;D;350;0.097222222;5;10;29.16666667;2916.666667;35;45;78
471;3;25;D;350;0.097222222;5;20;29.16666667;1458.333333;23;30;53
472;3;25;D;350;0.097222222;15;5;87.5;17500;82;107;186
473;3;25;D;350;0.097222222;15;10;87.5;8750;60;77;133
474;3;25;D;350;0.097222222;15;20;87.5;4375;40;52;90
475;3;25;D;350;0.097222222;30;6;175;29166.66667;105;136;238
476;3;25;D;350;0.097222222;30;10;175;17500;83;107;187
477;3;25;D;350;0.097222222;30;20;175;8750;56;72;127
478;3;25;D;350;0.097222222;45;9;262.5;29166.66667;106;137;239
479;3;25;D;350;0.097222222;45;10;262.5;26250;101;130;228
480;3;25;D;350;0.097222222;45;20;262.5;13125;68;88;154
481;3;25;D;550;0.152777778;2;5.5;18.33333333;3333.333333;37;48;83
482;3;25;D;550;0.152777778;2;10;18.33333333;1833.333333;28;36;63
483;3;25;D;550;0.152777778;2;20;18.33333333;916.6666667;19;24;42
484;3;25;D;550;0.152777778;5;5;45.83333333;9166.666667;60;78;135
485;3;25;D;550;0.152777778;5;10;45.83333333;4583.333333;44;56;97
486;3;25;D;550;0.152777778;5;20;45.83333333;2291.666667;30;38;66
487;3;25;D;550;0.152777778;15;5;137.5;27500;102;133;231
488;3;25;D;550;0.152777778;15;10;137.5;13750;74;96;166
489;3;25;D;550;0.152777778;15;20;137.5;6875;50;64;113
490;3;25;D;550;0.152777778;30;9;275;30555.55556;108;141;244
491;3;25;D;550;0.152777778;30;10;275;27500;103;133;233
492;3;25;D;550;0.152777778;30;20;275;13750;70;91;158
493;3;25;D;550;0.152777778;45;14;412.5;29464.28571;107;139;242
494;3;25;D;550;0.152777778;45;18;412.5;22916.66667;89;116;202
495;3;25;D;550;0.152777778;45;25;412.5;16500;77;99;173
496;3;25;F;250;0.069444444;2;5;8.333333333;1666.666667;56;74;129
497;3;25;F;250;0.069444444;2;10;8.333333333;833.3333333;41;53;92
498;3;25;F;250;0.069444444;2;20;8.333333333;416.6666667;27;36;62
499;3;25;F;250;0.069444444;5;5;20.83333333;4166.666667;89;116;201
500;3;25;F;250;0.069444444;5;10;20.83333333;2083.333333;64;83;144
501;3;25;F;250;0.069444444;5;20;20.83333333;1041.666667;43;55;97
502;3;25;F;250;0.069444444;15;5;62.5;12500;152;197;351
503;3;25;F;250;0.069444444;15;10;62.5;6250;110;141;246
504;3;25;F;250;0.069444444;15;20;62.5;3125;74;96;170
505;3;25;F;250;0.069444444;30;5;125;25000;214;280;506
506;3;25;F;250;0.069444444;30;10;125;12500;153;196;346
507;3;25;F;250;0.069444444;30;20;125;6250;104;136;243
508;3;25;F;250;0.069444444;45;6;187.5;31250;240;312;569
509;3;25;F;250;0.069444444;45;10;187.5;18750;185;241;428
510;3;25;F;250;0.069444444;45;20;187.5;9375;127;167;301
511;3;25;F;350;0.097222222;2;5.5;11.66666667;2121.212121;64;83;144
512;3;25;F;350;0.097222222;2;10;11.66666667;1166.666667;48;62;109
513;3;25;F;350;0.097222222;2;20;11.66666667;583.3333333;32;42;73
514;3;25;F;350;0.097222222;5;5.5;29.16666667;5303.030303;100;130;227
515;3;25;F;350;0.097222222;5;10;29.16666667;2916.666667;75;98;169
516;3;25;F;350;0.097222222;5;20;29.16666667;1458.333333;50;66;116
517;3;25;F;350;0.097222222;15;5;87.5;17500;179;233;418
518;3;25;F;350;0.097222222;15;10;87.5;8750;129;166;291
519;3;25;F;350;0.097222222;15;20;87.5;4375;87;113;202
520;3;25;F;350;0.097222222;30;6;175;29166.66667;231;301;547
521;3;25;F;350;0.097222222;30;10;175;17500;179;233;412
522;3;25;F;350;0.097222222;30;20;175;8750;123;161;290
523;3;25;F;350;0.097222222;45;8.5;262.5;30882.35294;238;309;560
524;3;25;F;350;0.097222222;45;10;262.5;26250;219;285;511
525;3;25;F;350;0.097222222;45;20;262.5;13125;151;198;359
526;3;25;F;550;0.152777778;2;5.5;18.33333333;3333.333333;80;103;179
527;3;25;F;550;0.152777778;2;10;18.33333333;1833.333333;60;78;136
528;3;25;F;550;0.152777778;2;20;18.33333333;916.6666667;40;52;92
529;3;25;F;550;0.152777778;5;5;45.83333333;9166.666667;131;168;299
530;3;25;F;550;0.152777778;5;10;45.83333333;4583.333333;94;122;210
531;3;25;F;550;0.152777778;5;20;45.83333333;2291.666667;63;82;145
532;3;25;F;550;0.152777778;15;5;137.5;27500;255;293;533
533;3;25;F;550;0.152777778;15;10;137.5;13750;160;206;363
534;3;25;F;550;0.152777778;15;20;137.5;6875;109;143;255
535;3;25;F;550;0.152777778;30;9;275;30555.55556;236;307;556
536;3;25;F;550;0.152777778;30;10;275;27500;224;291;524
537;3;25;F;550;0.152777778;30;20;275;13750;155;203;368
538;3;25;F;550;0.152777778;45;14;412.5;29464.28571;232;302;544
539;3;25;F;550;0.152777778;45;17;412.5;24264.70588;207;272;500
540;3;25;F;550;0.152777778;45;24;412.5;17187.5;174;229;418
541;3;27;B;250;0.069444444;2;5;8.333333333;1666.666667;23;23;32
542;3;27;B;250;0.069444444;2;10;8.333333333;833.3333333;16;16;23
543;3;27;B;250;0.069444444;2;20;8.333333333;416.6666667;11;11;17
544;3;27;B;250;0.069444444;5;5;20.83333333;4166.666667;36;36;49
545;3;27;B;250;0.069444444;5;10;20.83333333;2083.333333;26;26;36
546;3;27;B;250;0.069444444;5;20;20.83333333;1041.666667;18;18;26
547;3;27;B;250;0.069444444;15;5;62.5;12500;63;63;83
548;3;27;B;250;0.069444444;15;10;62.5;6250;45;45;60
549;3;27;B;250;0.069444444;15;20;62.5;3125;31;32;41
550;3;27;B;250;0.069444444;30;5;125;25000;89;89;115
551;3;27;B;250;0.069444444;30;10;125;12500;63;63;84
552;3;27;B;250;0.069444444;30;20;125;6250;45;45;57
553;3;27;B;250;0.069444444;45;6;187.5;31250;100;100;128
554;3;27;B;250;0.069444444;45;10;187.5;18750;77;77;102
555;3;27;B;250;0.069444444;45;20;187.5;9375;55;55;69
556;3;27;B;350;0.097222222;2;6;11.66666667;1944.444444;25;25;34
557;3;27;B;350;0.097222222;2;10;11.66666667;1166.666667;19;19;27
558;3;27;B;350;0.097222222;2;20;11.66666667;583.3333333;14;14;20
559;3;27;B;350;0.097222222;5;6;29.16666667;4861.111111;39;39;53
560;3;27;B;350;0.097222222;5;10;29.16666667;2916.666667;30;30;42
561;3;27;B;350;0.097222222;5;20;29.16666667;1458.333333;22;22;31
562;3;27;B;350;0.097222222;15;5;87.5;17500;75;75;97
563;3;27;B;350;0.097222222;15;10;87.5;8750;53;53;70
564;3;27;B;350;0.097222222;15;20;87.5;4375;37;38;48
565;3;27;B;350;0.097222222;30;6;175;29166.66667;96;96;124
566;3;27;B;350;0.097222222;30;10;175;17500;75;75;98
567;3;27;B;350;0.097222222;30;20;175;8750;53;53;67
568;3;27;B;350;0.097222222;45;9;262.5;29166.66667;96;96;125
569;3;27;B;350;0.097222222;45;10;262.5;26250;91;91;119
570;3;27;B;350;0.097222222;45;20;262.5;13125;64;65;81
571;3;27;B;550;0.152777778;2;6;18.33333333;3055.555556;31;31;42
572;3;27;B;550;0.152777778;2;10;18.33333333;1833.333333;24;24;34
573;3;27;B;550;0.152777778;2;20;18.33333333;916.6666667;17;17;25
574;3;27;B;550;0.152777778;5;5;45.83333333;9166.666667;54;54;72
575;3;27;B;550;0.152777778;5;10;45.83333333;4583.333333;38;38;52
576;3;27;B;550;0.152777778;5;20;45.83333333;2291.666667;27;27;35
577;3;27;B;550;0.152777778;15;5;137.5;27500;94;94;121
578;3;27;B;550;0.152777778;15;10;137.5;13750;66;66;88
579;3;27;B;550;0.152777778;15;20;137.5;6875;47;47;60
580;3;27;B;550;0.152777778;30;9;275;30555.55556;99;99;127
581;3;27;B;550;0.152777778;30;10;275;27500;94;93;121
582;3;27;B;550;0.152777778;30;20;275;13750;66;66;83
583;3;27;B;550;0.152777778;45;14;412.5;29464.28571;97;97;126
584;3;27;B;550;0.152777778;45;19;412.5;21710.52632;83;83;103
585;3;27;B;550;0.152777778;45;25;412.5;16500;72;72;91
586;3;27;D;250;0.069444444;2;5;8.333333333;1666.666667;28;36;62
587;3;27;D;250;0.069444444;2;10;8.333333333;833.3333333;20;26;45
588;3;27;D;250;0.069444444;2;20;8.333333333;416.6666667;14;19;33
589;3;27;D;250;0.069444444;5;5;20.83333333;4166.666667;43;56;97
590;3;27;D;250;0.069444444;5;10;20.83333333;2083.333333;31;40;70
591;3;27;D;250;0.069444444;5;20;20.83333333;1041.666667;22;29;50
592;3;27;D;250;0.069444444;15;5;62.5;12500;73;95;165
593;3;27;D;250;0.069444444;15;10;62.5;6250;53;68;119
594;3;27;D;250;0.069444444;15;20;62.5;3125;36;46;80
595;3;27;D;250;0.069444444;30;5;125;25000;102;133;232
596;3;27;D;250;0.069444444;30;10;125;12500;74;96;166
597;3;27;D;250;0.069444444;30;20;125;6250;50;64;112
598;3;27;D;250;0.069444444;45;6;187.5;31250;114;148;258
599;3;27;D;250;0.069444444;45;10;187.5;18750;90;116;203
600;3;27;D;250;0.069444444;45;20;187.5;9375;61;78;136
601;3;27;D;350;0.097222222;2;6;11.66666667;1944.444444;30;39;67
602;3;27;D;350;0.097222222;2;10;11.66666667;1166.666667;23;30;53
603;3;27;D;350;0.097222222;2;20;11.66666667;583.3333333;17;22;38
604;3;27;D;350;0.097222222;5;6;29.16666667;4861.111111;47;60;105
605;3;27;D;350;0.097222222;5;10;29.16666667;2916.666667;36;47;82
606;3;27;D;350;0.097222222;5;20;29.16666667;1458.333333;25;32;55
607;3;27;D;350;0.097222222;15;5;87.5;17500;86;111;194
608;3;27;D;350;0.097222222;15;10;87.5;8750;62;80;140
609;3;27;D;350;0.097222222;15;20;87.5;4375;42;54;94
610;3;27;D;350;0.097222222;30;6;175;29166.66667;111;143;249
611;3;27;D;350;0.097222222;30;10;175;17500;87;113;196
612;3;27;D;350;0.097222222;30;20;175;8750;59;76;132
613;3;27;D;350;0.097222222;45;9;262.5;29166.66667;111;144;251
614;3;27;D;350;0.097222222;45;10;262.5;26250;106;137;239
615;3;27;D;350;0.097222222;45;20;262.5;13125;72;92;161
616;3;27;D;550;0.152777778;2;6;18.33333333;3055.555556;37;48;83
617;3;27;D;550;0.152777778;2;10;18.33333333;1833.333333;29;38;66
618;3;27;D;550;0.152777778;2;20;18.33333333;916.6666667;21;27;47
619;3;27;D;550;0.152777778;5;5;45.83333333;9166.666667;63;81;142
620;3;27;D;550;0.152777778;5;10;45.83333333;4583.333333;45;59;102
621;3;27;D;550;0.152777778;5;20;45.83333333;2291.666667;31;39;69
622;3;27;D;550;0.152777778;15;5;137.5;27500;107;139;242
623;3;27;D;550;0.152777778;15;10;137.5;13750;77;100;174
624;3;27;D;550;0.152777778;15;20;137.5;6875;52;67;117
625;3;27;D;550;0.152777778;30;9;275;30555.55556;114;147;256
626;3;27;D;550;0.152777778;30;10;275;27500;108;140;244
627;3;27;D;550;0.152777778;30;20;275;13750;73;94;165
628;3;27;D;550;0.152777778;45;14;412.5;29464.28571;113;146;254
629;3;27;D;550;0.152777778;45;18;412.5;22916.66667;94;121;211
630;3;27;D;550;0.152777778;45;25;412.5;16500;80;104;181
631;3;27;F;250;0.069444444;2;5;8.333333333;1666.666667;60;77;135
632;3;27;F;250;0.069444444;2;10;8.333333333;833.3333333;42;55;97
633;3;27;F;250;0.069444444;2;20;8.333333333;416.6666667;31;40;70
634;3;27;F;250;0.069444444;5;5;20.83333333;4166.666667;93;121;211
635;3;27;F;250;0.069444444;5;10;20.83333333;2083.333333;67;87;151
636;3;27;F;250;0.069444444;5;20;20.83333333;1041.666667;48;63;110
637;3;27;F;250;0.069444444;15;5;62.5;12500;155;207;368
638;3;27;F;250;0.069444444;15;10;62.5;6250;115;148;258
639;3;27;F;250;0.069444444;15;20;62.5;3125;77;100;178
640;3;27;F;250;0.069444444;30;5;125;25000;255;293;533
641;3;27;F;250;0.069444444;30;10;125;12500;160;206;363
642;3;27;F;250;0.069444444;30;20;125;6250;109;142;255
643;3;27;F;250;0.069444444;45;7;187.5;26785.71429;232;302;548
644;3;27;F;250;0.069444444;45;10;187.5;18750;193;253;449
645;3;27;F;250;0.069444444;45;20;187.5;9375;133;175;315
646;3;27;F;350;0.097222222;2;6;11.66666667;1944.444444;64;83;146
647;3;27;F;350;0.097222222;2;10;11.66666667;1166.666667;50;65;114
648;3;27;F;350;0.097222222;2;20;11.66666667;583.3333333;36;47;83
649;3;27;F;350;0.097222222;5;6;29.16666667;4861.111111;101;130;228
650;3;27;F;350;0.097222222;5;10;29.16666667;2916.666667;79;103;177
651;3;27;F;350;0.097222222;5;20;29.16666667;1458.333333;53;69;121
652;3;27;F;350;0.097222222;15;5;87.5;17500;188;245;440
653;3;27;F;350;0.097222222;15;10;87.5;8750;135;174;305
654;3;27;F;350;0.097222222;15;20;87.5;4375;91;119;211
655;3;27;F;350;0.097222222;30;6;175;29166.66667;243;316;576
656;3;27;F;350;0.097222222;30;10;175;17500;187;244;433
657;3;27;F;350;0.097222222;30;20;175;8750;129;169;304
658;3;27;F;350;0.097222222;45;9;262.5;29166.66667;242;315;571
659;3;27;F;350;0.097222222;45;10;262.5;26250;229;299;537
660;3;27;F;350;0.097222222;45;20;262.5;13125;159;208;378
661;3;27;F;550;0.152777778;2;6;18.33333333;3055.555556;80;104;180
662;3;27;F;550;0.152777778;2;10;18.33333333;1833.333333;63;81;143
663;3;27;F;550;0.152777778;2;20;18.33333333;916.6666667;45;59;103
664;3;27;F;550;0.152777778;5;5;45.83333333;9166.666667;137;177;313
665;3;27;F;550;0.152777778;5;10;45.83333333;4583.333333;99;128;221
666;3;27;F;550;0.152777778;5;20;45.83333333;2291.666667;66;86;152
667;3;27;F;550;0.152777778;15;5;137.5;27500;236;307;562
668;3;27;F;550;0.152777778;15;10;137.5;13750;167;216;382
669;3;27;F;550;0.152777778;15;20;137.5;6875;114;149;268
670;3;27;F;550;0.152777778;30;9;275;30555.55556;248;322;586
671;3;27;F;550;0.152777778;30;10;275;27500;235;306;551
672;3;27;F;550;0.152777778;30;20;275;13750;162;213;387
673;3;27;F;550;0.152777778;45;14;412.5;29464.28571;243;316;570
674;3;27;F;550;0.152777778;45;17;412.5;24264.70588;221;288;515
675;3;27;F;550;0.152777778;45;20;412.5;20625;200;263;482
676;3;30;B;250;0.069444444;2;5;8.333333333;1666.666667;23;23;34
677;3;30;B;250;0.069444444;2;10;8.333333333;833.3333333;16;16;25
678;3;30;B;250;0.069444444;2;20;8.333333333;416.6666667;11;11;18
679;3;30;B;250;0.069444444;5;5;20.83333333;4166.666667;36;36;53
680;3;30;B;250;0.069444444;5;10;20.83333333;2083.333333;26;26;38
681;3;30;B;250;0.069444444;5;20;20.83333333;1041.666667;18;18;28
682;3;30;B;250;0.069444444;15;5;62.5;12500;63;63;89
683;3;30;B;250;0.069444444;15;10;62.5;6250;45;45;64
684;3;30;B;250;0.069444444;15;20;62.5;3125;31;32;47
685;3;30;B;250;0.069444444;30;5;125;25000;89;89;123
686;3;30;B;250;0.069444444;30;10;125;12500;63;63;89
687;3;30;B;250;0.069444444;30;20;125;6250;45;45;66
688;3;30;B;250;0.069444444;45;6;187.5;31250;100;100;137
689;3;30;B;250;0.069444444;45;10;187.5;18750;77;77;108
690;3;30;B;250;0.069444444;45;20;187.5;9375;55;55;79
691;3;30;B;350;0.097222222;2;6;11.66666667;1944.444444;25;25;37
692;3;30;B;350;0.097222222;2;10;11.66666667;1166.666667;19;19;29
693;3;30;B;350;0.097222222;2;20;11.66666667;583.3333333;14;14;21
694;3;30;B;350;0.097222222;5;5.5;29.16666667;5303.030303;41;41;60
695;3;30;B;350;0.097222222;5;10;29.16666667;2916.666667;30;30;45
696;3;30;B;350;0.097222222;5;20;29.16666667;1458.333333;22;22;33
697;3;30;B;350;0.097222222;15;5;87.5;17500;75;75;104
698;3;30;B;350;0.097222222;15;10;87.5;8750;53;53;76
699;3;30;B;350;0.097222222;15;20;87.5;4375;38;38;55
700;3;30;B;350;0.097222222;30;6;175;29166.66667;96;96;133
701;3;30;B;350;0.097222222;30;10;175;17500;75;75;105
702;3;30;B;350;0.097222222;30;20;175;8750;53;53;77
703;3;30;B;350;0.097222222;45;9;262.5;29166.66667;96;96;133
704;3;30;B;350;0.097222222;45;10;262.5;26250;91;91;127
705;3;30;B;350;0.097222222;45;20;262.5;13125;64;65;93
706;3;30;B;550;0.152777778;2;5.5;18.33333333;3333.333333;33;33;47
707;3;30;B;550;0.152777778;2;10;18.33333333;1833.333333;24;24;36
708;3;30;B;550;0.152777778;2;20;18.33333333;916.6666667;17;17;27
709;3;30;B;550;0.152777778;5;5;45.83333333;9166.666667;54;54;77
710;3;30;B;550;0.152777778;5;10;45.83333333;4583.333333;38;38;56
711;3;30;B;550;0.152777778;5;20;45.83333333;2291.666667;27;27;41
712;3;30;B;550;0.152777778;15;5;137.5;27500;94;94;129
713;3;30;B;550;0.152777778;15;10;137.5;13750;66;66;94
714;3;30;B;550;0.152777778;15;20;137.5;6875;47;47;69
715;3;30;B;550;0.152777778;30;9;275;30555.55556;99;99;136
716;3;30;B;550;0.152777778;30;14;275;19642.85714;79;79;111
717;3;30;B;550;0.152777778;30;25;275;11000;59;59;80
718;3;30;B;550;0.152777778;45;14;412.5;29464.28571;97;97;135
719;3;30;B;550;0.152777778;45;19;412.5;21710.52632;83;83;117
720;3;30;B;550;0.152777778;45;25;412.5;16500;72;72;97
721;3;30;D;250;0.069444444;2;5;8.333333333;1666.666667;30;38;67
722;3;30;D;250;0.069444444;2;10;8.333333333;833.3333333;22;28;48
723;3;30;D;250;0.069444444;2;20;8.333333333;416.6666667;16;20;35
724;3;30;D;250;0.069444444;5;5;20.83333333;4166.666667;46;60;103
725;3;30;D;250;0.069444444;5;10;20.83333333;2083.333333;33;43;75
726;3;30;D;250;0.069444444;5;20;20.83333333;1041.666667;24;31;54
727;3;30;D;250;0.069444444;15;5;62.5;12500;78;102;177
728;3;30;D;250;0.069444444;15;10;62.5;6250;56;74;127
729;3;30;D;250;0.069444444;15;20;62.5;3125;41;53;92
730;3;30;D;250;0.069444444;30;5;125;25000;110;143;248
731;3;30;D;250;0.069444444;30;10;125;12500;79;102;179
732;3;30;D;250;0.069444444;30;20;125;6250;57;74;129
733;3;30;D;250;0.069444444;45;6;187.5;31250;122;159;276
734;3;30;D;250;0.069444444;45;10;187.5;18750;96;125;218
735;3;30;D;250;0.069444444;45;20;187.5;9375;70;90;157
736;3;30;D;350;0.097222222;2;6;11.66666667;1944.444444;32;41;72
737;3;30;D;350;0.097222222;2;10;11.66666667;1166.666667;25;33;56
738;3;30;D;350;0.097222222;2;20;11.66666667;583.3333333;19;23;41
739;3;30;D;350;0.097222222;5;6;29.16666667;4861.111111;50;64;112
740;3;30;D;350;0.097222222;5;10;29.16666667;2916.666667;39;51;88
741;3;30;D;350;0.097222222;5;20;29.16666667;1458.333333;28;37;64
742;3;30;D;350;0.097222222;15;5;87.5;17500;92;119;209
743;3;30;D;350;0.097222222;15;10;87.5;8750;67;86;150
744;3;30;D;350;0.097222222;15;20;87.5;4375;49;63;108
745;3;30;D;350;0.097222222;30;6;175;29166.66667;119;154;267
746;3;30;D;350;0.097222222;30;10;175;17500;93;121;211
747;3;30;D;350;0.097222222;30;20;175;8750;67;87;152
748;3;30;D;350;0.097222222;45;9;262.5;29166.66667;119;155;269
749;3;30;D;350;0.097222222;45;10;262.5;26250;114;147;256
750;3;30;D;350;0.097222222;45;20;262.5;13125;82;106;185
751;3;30;D;550;0.152777778;2;6;18.33333333;3055.555556;40;52;89
752;3;30;D;550;0.152777778;2;10;18.33333333;1833.333333;31;41;70
753;3;30;D;550;0.152777778;2;20;18.33333333;916.6666667;23;30;51
754;3;30;D;550;0.152777778;5;5;45.83333333;9166.666667;67;88;152
755;3;30;D;550;0.152777778;5;10;45.83333333;4583.333333;49;63;110
756;3;30;D;550;0.152777778;5;20;45.83333333;2291.666667;35;45;80
757;3;30;D;550;0.152777778;15;5;137.5;27500;115;149;260
758;3;30;D;550;0.152777778;15;10;137.5;13750;83;107;187
759;3;30;D;550;0.152777778;15;20;137.5;6875;60;78;135
760;3;30;D;550;0.152777778;30;9;275;30555.55556;122;158;274
761;3;30;D;550;0.152777778;30;10;275;27500;116;150;262
762;3;30;D;550;0.152777778;30;20;275;13750;84;108;190
763;3;30;D;550;0.152777778;45;14;412.5;29464.28571;121;157;272
764;3;30;D;550;0.152777778;45;19;412.5;21710.52632;105;135;236
765;3;30;D;550;0.152777778;45;23;412.5;17934.78261;89;116;202
766;3;30;F;250;0.069444444;2;5;8.333333333;1666.666667;64;83;144
767;3;30;F;250;0.069444444;2;10;8.333333333;833.3333333;46;60;105
768;3;30;F;250;0.069444444;2;20;8.333333333;416.6666667;33;43;75
769;3;30;F;250;0.069444444;5;5;20.83333333;4166.666667;100;130;227
770;3;30;F;250;0.069444444;5;10;20.83333333;2083.333333;72;94;162
771;3;30;F;250;0.069444444;5;20;20.83333333;1041.666667;52;67;118
772;3;30;F;250;0.069444444;15;5;62.5;12500;170;222;369
773;3;30;F;250;0.069444444;15;10;62.5;6250;124;158;277
774;3;30;F;250;0.069444444;15;20;62.5;3125;89;115;197
775;3;30;F;250;0.069444444;30;5;125;25000;241;315;576
776;3;30;F;250;0.069444444;30;10;125;12500;171;221;392
777;3;30;F;250;0.069444444;30;20;125;6250;125;160;279
778;3;30;F;250;0.069444444;45;6;187.5;31250;269;351;648
779;3;30;F;250;0.069444444;45;10;187.5;18750;208;271;484
780;3;30;F;250;0.069444444;45;20;187.5;9375;151;193;340
781;3;30;F;350;0.097222222;2;6;11.66666667;1944.444444;69;89;155
782;3;30;F;350;0.097222222;2;10;11.66666667;1166.666667;54;70;123
783;3;30;F;350;0.097222222;2;20;11.66666667;583.3333333;39;50;89
784;3;30;F;350;0.097222222;5;6;29.16666667;4861.111111;108;140;244
785;3;30;F;350;0.097222222;5;10;29.16666667;2916.666667;85;110;189
786;3;30;F;350;0.097222222;5;20;29.16666667;1458.333333;61;79;138
787;3;30;F;350;0.097222222;15;5;87.5;17500;202;263;475
788;3;30;F;350;0.097222222;15;10;87.5;8750;145;185;327
789;3;30;F;350;0.097222222;15;20;87.5;4375;105;136;233
790;3;30;F;350;0.097222222;30;6;175;29166.66667;260;339;623
791;3;30;F;350;0.097222222;30;10;175;17500;201;262;466
792;3;30;F;350;0.097222222;30;20;175;8750;146;187;329
793;3;30;F;350;0.097222222;45;9;262.5;29166.66667;260;338;617
794;3;30;F;350;0.097222222;45;10;262.5;26250;247;321;581
795;3;30;F;350;0.097222222;45;20;262.5;13125;177;228;402
796;3;30;F;550;0.152777778;2;6;18.33333333;3055.555556;86;112;193
797;3;30;F;550;0.152777778;2;10;18.33333333;1833.333333;67;88;152
798;3;30;F;550;0.152777778;2;20;18.33333333;916.6666667;49;63;111
799;3;30;F;550;0.152777778;5;5;45.83333333;9166.666667;147;190;337
800;3;30;F;550;0.152777778;5;10;45.83333333;4583.333333;106;137;237
801;3;30;F;550;0.152777778;5;20;45.83333333;2291.666667;76;99;171
802;3;30;F;550;0.152777778;15;5;137.5;27500;254;330;607
803;3;30;F;550;0.152777778;15;10;137.5;13750;179;232;412
804;3;30;F;550;0.152777778;15;20;137.5;6875;130;168;292
805;3;30;F;550;0.152777778;30;9;275;30555.55556;266;345;633
806;3;30;F;550;0.152777778;30;10;275;27500;252;328;595
807;3;30;F;550;0.152777778;30;20;275;13750;180;233;412
808;3;30;F;550;0.152777778;45;14;412.5;29464.28571;261;338;613
809;3;30;F;550;0.152777778;45;18;412.5;22916.66667;231;301;538
810;3;30;F;550;0.152777778;45;24;412.5;17187.5;196;258;473
811;5;25;B;250;0.069444444;2;5;8.333333333;1666.666667;23;23;29
812;5;25;B;250;0.069444444;2;10;8.333333333;833.3333333;16;16;21
813;5;25;B;250;0.069444444;2;20;8.333333333;416.6666667;11;11;16
814;5;25;B;250;0.069444444;5;5;20.83333333;4166.666667;36;36;45
815;5;25;B;250;0.069444444;5;10;20.83333333;2083.333333;26;26;33
816;5;25;B;250;0.069444444;5;20;20.83333333;1041.666667;18;18;24
817;5;25;B;250;0.069444444;15;5;62.5;12500;63;63;76
818;5;25;B;250;0.069444444;15;10;62.5;6250;45;45;55
819;5;25;B;250;0.069444444;15;20;62.5;3125;31;32;40
820;5;25;B;250;0.069444444;30;5;125;25000;89;89;105
821;5;25;B;250;0.069444444;30;10;125;12500;63;63;77
822;5;25;B;250;0.069444444;30;20;125;6250;45;45;56
823;5;25;B;250;0.069444444;45;6;187.5;31250;100;100;117
824;5;25;B;250;0.069444444;45;10;187.5;18750;77;77;92
825;5;25;B;250;0.069444444;45;20;187.5;9375;55;55;67
826;5;25;B;350;0.097222222;2;5.5;11.66666667;2121.212121;26;26;33
827;5;25;B;350;0.097222222;2;10;11.66666667;1166.666667;19;19;25
828;5;25;B;350;0.097222222;2;20;11.66666667;583.3333333;14;14;18
829;5;25;B;350;0.097222222;5;6;29.16666667;4861.111111;39;39;49
830;5;25;B;350;0.097222222;5;10;29.16666667;2916.666667;30;30;38
831;5;25;B;350;0.097222222;5;20;29.16666667;1458.333333;22;22;28
832;5;25;B;350;0.097222222;15;5;87.5;17500;75;75;89
833;5;25;B;350;0.097222222;15;10;87.5;8750;53;53;64
834;5;25;B;350;0.097222222;15;20;87.5;4375;38;37;47
835;5;25;B;350;0.097222222;30;6;175;29166.66667;96;96;113
836;5;25;B;350;0.097222222;30;10;175;17500;75;75;90
837;5;25;B;350;0.097222222;30;20;175;8750;53;53;66
838;5;25;B;350;0.097222222;45;9;262.5;29166.66667;96;96;114
839;5;25;B;350;0.097222222;45;10;262.5;26250;91;91;109
840;5;25;B;350;0.097222222;45;20;262.5;13125;64;65;80
841;5;25;B;550;0.152777778;2;5.5;18.33333333;3333.333333;33;33;41
842;5;25;B;550;0.152777778;2;10;18.33333333;1833.333333;24;24;31
843;5;25;B;550;0.152777778;2;20;18.33333333;916.6666667;17;17;22
844;5;25;B;550;0.152777778;5;5;45.83333333;9166.666667;54;54;66
845;5;25;B;550;0.152777778;5;10;45.83333333;4583.333333;38;38;47
846;5;25;B;550;0.152777778;5;20;45.83333333;2291.666667;27;27;34
847;5;25;B;550;0.152777778;15;5;137.5;27500;94;94;110
848;5;25;B;550;0.152777778;15;10;137.5;13750;66;66;80
849;5;25;B;550;0.152777778;15;20;137.5;6875;47;47;58
850;5;25;B;550;0.152777778;30;9;275;30555.55556;99;99;117
851;5;25;B;550;0.152777778;30;10;275;27500;94;94;111
852;5;25;B;550;0.152777778;30;20;275;13750;66;66;81
853;5;25;B;550;0.152777778;45;14;412.5;29464.28571;97;97;116
854;5;25;B;550;0.152777778;45;18;412.5;22916.66667;85;85;103
855;5;25;B;550;0.152777778;45;24;412.5;17187.5;74;74;91
856;5;25;D;250;0.069444444;2;5;8.333333333;1666.666667;25;33;56
857;5;25;D;250;0.069444444;2;10;8.333333333;833.3333333;18;23;41
858;5;25;D;250;0.069444444;2;20;8.333333333;416.6666667;13;17;30
859;5;25;D;250;0.069444444;5;5;20.83333333;4166.666667;39;50;88
860;5;25;D;250;0.069444444;5;10;20.83333333;2083.333333;28;36;64
861;5;25;D;250;0.069444444;5;20;20.83333333;1041.666667;20;27;46
862;5;25;D;250;0.069444444;15;5;62.5;12500;67;86;150
863;5;25;D;250;0.069444444;15;10;62.5;6250;48;62;108
864;5;25;D;250;0.069444444;15;20;62.5;3125;35;45;78
865;5;25;D;250;0.069444444;30;5;125;25000;93;121;211
866;5;25;D;250;0.069444444;30;10;125;12500;67;87;152
867;5;25;D;250;0.069444444;30;20;125;6250;49;63;110
868;5;25;D;250;0.069444444;45;6;187.5;31250;104;135;236
869;5;25;D;250;0.069444444;45;10;187.5;18750;82;106;185
870;5;25;D;250;0.069444444;45;20;187.5;9375;60;77;134
871;5;25;D;350;0.097222222;2;6;11.66666667;1944.444444;27;35;61
872;5;25;D;350;0.097222222;2;10;11.66666667;1166.666667;22;28;48
873;5;25;D;350;0.097222222;2;20;11.66666667;583.3333333;16;20;35
874;5;25;D;350;0.097222222;5;5.5;29.16666667;5303.030303;44;57;99
875;5;25;D;350;0.097222222;5;10;29.16666667;2916.666667;33;43;75
876;5;25;D;350;0.097222222;5;20;29.16666667;1458.333333;24;31;54
877;5;25;D;350;0.097222222;15;5;87.5;17500;78;102;177
878;5;25;D;350;0.097222222;15;10;87.5;8750;56;74;127
879;5;25;D;350;0.097222222;15;20;87.5;4375;41;53;92
880;5;25;D;350;0.097222222;30;6;175;29166.66667;100;130;228
881;5;25;D;350;0.097222222;30;10;175;17500;79;103;179
882;5;25;D;350;0.097222222;30;20;175;8750;58;74;129
883;5;25;D;350;0.097222222;45;8.5;262.5;30882.35294;104;135;236
884;5;25;D;350;0.097222222;45;10;262.5;26250;97;125;219
885;5;25;D;350;0.097222222;45;20;262.5;13125;70;91;158
886;5;25;D;550;0.152777778;2;6;18.33333333;3055.555556;34;44;75
887;5;25;D;550;0.152777778;2;10;18.33333333;1833.333333;27;34;60
888;5;25;D;550;0.152777778;2;20;18.33333333;916.6666667;19;25;44
889;5;25;D;550;0.152777778;5;5;45.83333333;9166.666667;57;74;129
890;5;25;D;550;0.152777778;5;10;45.83333333;4583.333333;41;53;93
891;5;25;D;550;0.152777778;5;20;45.83333333;2291.666667;30;39;67
892;5;25;D;550;0.152777778;15;5;137.5;27500;98;127;221
893;5;25;D;550;0.152777778;15;10;137.5;13750;70;91;159
894;5;25;D;550;0.152777778;15;20;137.5;6875;51;66;115
895;5;25;D;550;0.152777778;30;9;275;30555.55556;104;135;235
896;5;25;D;550;0.152777778;30;10;275;27500;99;128;224
897;5;25;D;550;0.152777778;30;20;275;13750;72;92;161
898;5;25;D;550;0.152777778;45;14;412.5;29464.28571;103;133;233
899;5;25;D;550;0.152777778;45;28;412.5;14732.14286;69;89;155
900;5;25;D;550;0.152777778;45;24;412.5;17187.5;80;103;180
901;5;25;F;250;0.069444444;2;5;8.333333333;1666.666667;54;70;123
902;5;25;F;250;0.069444444;2;10;8.333333333;833.3333333;39;50;88
903;5;25;F;250;0.069444444;2;20;8.333333333;416.6666667;28;36;64
904;5;25;F;250;0.069444444;5;5;20.83333333;4166.666667;85;110;196
905;5;25;F;250;0.069444444;5;10;20.83333333;2083.333333;61;79;139
906;5;25;F;250;0.069444444;5;20;20.83333333;1041.666667;44;57;100
907;5;25;F;250;0.069444444;15;5;62.5;12500;147;192;338
908;5;25;F;250;0.069444444;15;10;62.5;6250;105;137;241
909;5;25;F;250;0.069444444;15;20;62.5;3125;75;98;174
910;5;25;F;250;0.069444444;30;5;125;25000;208;270;486
911;5;25;F;250;0.069444444;30;10;125;12500;149;194;337
912;5;25;F;250;0.069444444;30;20;125;6250;107;139;245
913;5;25;F;250;0.069444444;45;6;187.5;31250;233;301;543
914;5;25;F;250;0.069444444;45;10;187.5;18750;183;273;417
915;5;25;F;250;0.069444444;45;20;187.5;9375;130;171;298
916;5;25;F;350;0.097222222;2;6;11.66666667;1944.444444;58;75;133
917;5;25;F;350;0.097222222;2;10;11.66666667;1166.666667;45;60;104
918;5;25;F;350;0.097222222;2;20;11.66666667;583.3333333;33;43;75
919;5;25;F;350;0.097222222;5;6;29.16666667;4861.111111;91;119;211
920;5;25;F;350;0.097222222;5;10;29.16666667;2916.666667;72;93;166
921;5;25;F;350;0.097222222;5;20;29.16666667;1458.333333;52;67;119
922;5;25;F;350;0.097222222;15;5;87.5;17500;174;227;403
923;5;25;F;350;0.097222222;15;10;87.5;8750;124;162;284
924;5;25;F;350;0.097222222;15;20;87.5;4375;89;116;206
925;5;25;F;350;0.097222222;30;6;175;29166.66667;226;291;524
926;5;25;F;350;0.097222222;30;10;175;17500;176;229;402
927;5;25;F;350;0.097222222;30;20;175;8750;126;164;288
928;5;25;F;350;0.097222222;45;9;262.5;29166.66667;227;293;523
929;5;25;F;350;0.097222222;45;10;262.5;26250;216;279;496
930;5;25;F;350;0.097222222;45;20;262.5;13125;155;202;348
931;5;25;F;550;0.152777778;2;5.5;18.33333333;3333.333333;76;99;175
932;5;25;F;550;0.152777778;2;10;18.33333333;1833.333333;57;74;131
933;5;25;F;550;0.152777778;2;20;18.33333333;916.6666667;41;53;94
934;5;25;F;550;0.152777778;5;5;45.83333333;9166.666667;125;164;288
935;5;25;F;550;0.152777778;5;10;45.83333333;4583.333333;90;117;207
936;5;25;F;550;0.152777778;5;20;45.83333333;2291.666667;64;84;149
937;5;25;F;550;0.152777778;15;5;137.5;27500;219;283;510
938;5;25;F;550;0.152777778;15;10;137.5;13750;156;204;354
939;5;25;F;550;0.152777778;15;20;137.5;6875;111;146;257
940;5;25;F;550;0.152777778;30;9;275;30555.55556;232;299;536
941;5;25;F;550;0.152777778;30;15;275;18333.33333;182;237;412
942;5;25;F;550;0.152777778;30;20;275;13750;158;207;356
943;5;25;F;550;0.152777778;45;14;412.5;29464.28571;230;297;526
944;5;25;F;550;0.152777778;45;19;412.5;21710.52632;199;258;451
945;5;25;F;550;0.152777778;45;24;412.5;17187.5;178;231;401
946;5;27;B;250;0.069444444;2;5;8.333333333;1666.666667;23;23;30
947;5;27;B;250;0.069444444;2;10;8.333333333;833.3333333;16;16;22
948;5;27;B;250;0.069444444;2;20;8.333333333;416.6666667;11;11;16
949;5;27;B;250;0.069444444;5;5;20.83333333;4166.666667;36;36;47
950;5;27;B;250;0.069444444;5;10;20.83333333;2083.333333;26;26;34
951;5;27;B;250;0.069444444;5;20;20.83333333;1041.666667;18;18;25
952;5;27;B;250;0.069444444;15;5;62.5;12500;63;63;79
953;5;27;B;250;0.069444444;15;10;62.5;6250;45;45;58
954;5;27;B;250;0.069444444;15;20;62.5;3125;31;32;42
955;5;27;B;250;0.069444444;30;5;125;25000;89;89;110
956;5;27;B;250;0.069444444;30;10;125;12500;63;63;80
957;5;27;B;250;0.069444444;30;20;125;6250;45;45;58
958;5;27;B;250;0.069444444;45;6;187.5;31250;100;100;122
959;5;27;B;250;0.069444444;45;10;187.5;18750;77;77;97
960;5;27;B;250;0.069444444;45;20;187.5;9375;55;55;71
961;5;27;B;350;0.097222222;2;6;11.66666667;1944.444444;25;25;33
962;5;27;B;350;0.097222222;2;10;11.66666667;1166.666667;19;19;26
963;5;27;B;350;0.097222222;2;20;11.66666667;583.3333333;14;14;19
964;5;27;B;350;0.097222222;5;6;29.16666667;4861.111111;39;39;50
965;5;27;B;350;0.097222222;5;10;29.16666667;2916.666667;30;30;40
966;5;27;B;350;0.097222222;5;20;29.16666667;1458.333333;22;22;29
967;5;27;B;350;0.097222222;15;5;87.5;17500;75;75;93
968;5;27;B;350;0.097222222;15;10;87.5;8750;53;53;67
969;5;27;B;350;0.097222222;15;20;87.5;4375;38;38;49
970;5;27;B;350;0.097222222;30;6;175;29166.66667;96;96;118
971;5;27;B;350;0.097222222;30;10;175;17500;75;75;94
972;5;27;B;350;0.097222222;30;20;175;8750;53;53;69
973;5;27;B;350;0.097222222;45;9;262.5;29166.66667;96;96;119
974;5;27;B;350;0.097222222;45;13;262.5;20192.30769;80;80;101
975;5;27;B;350;0.097222222;45;20;262.5;13125;64;65;83
976;5;27;B;550;0.152777778;2;6;18.33333333;3055.555556;31;31;41
977;5;27;B;550;0.152777778;2;10;18.33333333;1833.333333;24;24;32
978;5;27;B;550;0.152777778;2;20;18.33333333;916.6666667;17;17;23
979;5;27;B;550;0.152777778;5;5;45.83333333;9166.666667;54;54;68
980;5;27;B;550;0.152777778;5;10;45.83333333;4583.333333;38;38;50
981;5;27;B;550;0.152777778;5;20;45.83333333;2291.666667;27;27;36
982;5;27;B;550;0.152777778;15;5;137.5;27500;94;94;115
983;5;27;B;550;0.152777778;15;10;137.5;13750;66;66;84
984;5;27;B;550;0.152777778;15;20;137.5;6875;47;47;61
985;5;27;B;550;0.152777778;30;9;275;30555.55556;99;99;122
986;5;27;B;550;0.152777778;30;13;275;21153.84615;82;82;103
987;5;27;B;550;0.152777778;30;23;275;11956.52174;62;62;80
988;5;27;B;550;0.152777778;45;14;412.5;29464.28571;97;97;121
989;5;27;B;550;0.152777778;45;19;412.5;21710.52632;82;83;105
990;5;27;B;550;0.152777778;45;23;412.5;17934.78261;75;76;97
991;5;27;D;250;0.069444444;2;5;8.333333333;1666.666667;27;34;59
992;5;27;D;250;0.069444444;2;10;8.333333333;833.3333333;19;25;43
993;5;27;D;250;0.069444444;2;20;8.333333333;416.6666667;14;18;31
994;5;27;D;250;0.069444444;5;5;20.83333333;4166.666667;41;53;92
995;5;27;D;250;0.069444444;5;10;20.83333333;2083.333333;30;38;67
996;5;27;D;250;0.069444444;5;20;20.83333333;1041.666667;22;28;49
997;5;27;D;250;0.069444444;15;5;62.5;12500;70;90;157
998;5;27;D;250;0.069444444;15;10;62.5;6250;50;65;113
999;5;27;D;250;0.069444444;15;20;62.5;3125;37;47;82
1000;5;27;D;250;0.069444444;30;5;125;25000;98;127;221
1001;5;27;D;250;0.069444444;30;10;125;12500;70;91;159
1002;5;27;D;250;0.069444444;30;20;125;6250;51;66;115
1003;5;27;D;250;0.069444444;45;6;187.5;31250;109;141;247
1004;5;27;D;250;0.069444444;45;10;187.5;18750;86;111;194
1005;5;27;D;250;0.069444444;45;20;187.5;9375;63;81;140
1006;5;27;D;350;0.097222222;2;5.5;11.66666667;2121.212121;30;38;66
1007;5;27;D;350;0.097222222;2;10;11.66666667;1166.666667;22;29;50
1008;5;27;D;350;0.097222222;2;20;11.66666667;583.3333333;16;21;36
1009;5;27;D;350;0.097222222;5;6;29.16666667;4861.111111;44;57;99
1010;5;27;D;350;0.097222222;5;10;29.16666667;2916.666667;35;45;78
1011;5;27;D;350;0.097222222;5;20;29.16666667;1458.333333;25;33;57
1012;5;27;D;350;0.097222222;15;5;87.5;17500;82;107;185
1013;5;27;D;350;0.097222222;15;10;87.5;8750;60;77;134
1014;5;27;D;350;0.097222222;15;20;87.5;4375;43;56;97
1015;5;27;D;350;0.097222222;30;6;175;29166.66667;105;136;239
1016;5;27;D;350;0.097222222;30;10;175;17500;83;108;188
1017;5;27;D;350;0.097222222;30;20;175;8750;60;78;136
1018;5;27;D;350;0.097222222;45;9;262.5;29166.66667;107;138;241
1019;5;27;D;350;0.097222222;45;10;262.5;26250;101;131;229
1020;5;27;D;350;0.097222222;45;20;262.5;13125;74;95;166
1021;5;27;D;550;0.152777778;2;6;18.33333333;3055.555556;35;45;79
1022;5;27;D;550;0.152777778;2;10;18.33333333;1833.333333;28;36;63
1023;5;27;D;550;0.152777778;2;20;18.33333333;916.6666667;20;26;45
1024;5;27;D;550;0.152777778;5;5;45.83333333;9166.666667;60;78;135
1025;5;27;D;550;0.152777778;5;10;45.83333333;4583.333333;44;56;97
1026;5;27;D;550;0.152777778;5;20;45.83333333;2291.666667;31;41;71
1027;5;27;D;550;0.152777778;15;5;137.5;27500;102;133;232
1028;5;27;D;550;0.152777778;15;10;137.5;13750;74;96;167
1029;5;27;D;550;0.152777778;15;20;137.5;6875;53;69;121
1030;5;27;D;550;0.152777778;30;9;275;30555.55556;109;141;246
1031;5;27;D;550;0.152777778;30;10;275;27500;103;134;235
1032;5;27;D;550;0.152777778;30;20;275;13750;75;97;169
1033;5;27;D;550;0.152777778;45;14;412.5;29464.28571;108;139;244
1034;5;27;D;550;0.152777778;45;18;412.5;22916.66667;96;124;217
1035;5;27;D;550;0.152777778;45;23;412.5;17934.78261;86;111;193
1036;5;27;F;250;0.069444444;2;5;8.333333333;1666.666667;56;73;129
1037;5;27;F;250;0.069444444;2;10;8.333333333;833.3333333;41;53;92
1038;5;27;F;250;0.069444444;2;20;8.333333333;416.6666667;30;38;67
1039;5;27;F;250;0.069444444;5;5;20.83333333;4166.666667;89;116;205
1040;5;27;F;250;0.069444444;5;10;20.83333333;2083.333333;64;83;147
1041;5;27;F;250;0.069444444;5;20;20.83333333;1041.666667;46;60;105
1042;5;27;F;250;0.069444444;15;5;62.5;12500;154;201;355
1043;5;27;F;250;0.069444444;15;10;62.5;6250;110;144;253
1044;5;27;F;250;0.069444444;15;20;62.5;3125;79;103;183
1045;5;27;F;250;0.069444444;30;5;125;25000;218;282;509
1046;5;27;F;250;0.069444444;30;10;125;12500;156;204;354
1047;5;27;F;250;0.069444444;30;20;125;6250;112;146;257
1048;5;27;F;250;0.069444444;45;6;187.5;31250;244;315;569
1049;5;27;F;250;0.069444444;45;10;187.5;18750;191;249;437
1050;5;27;F;250;0.069444444;45;20;187.5;9375;137;179;311
1051;5;27;F;350;0.097222222;2;6;11.66666667;1944.444444;61;79;140
1052;5;27;F;350;0.097222222;2;10;11.66666667;1166.666667;48;62;110
1053;5;27;F;350;0.097222222;2;20;11.66666667;583.3333333;34;45;79
1054;5;27;F;350;0.097222222;5;6;29.16666667;4861.111111;96;125;221
1055;5;27;F;350;0.097222222;5;10;29.16666667;2916.666667;75;98;174
1056;5;27;F;350;0.097222222;5;20;29.16666667;1458.333333;54;70;124
1057;5;27;F;350;0.097222222;15;5;87.5;17500;183;238;423
1058;5;27;F;350;0.097222222;15;10;87.5;8750;130;171;298
1059;5;27;F;350;0.097222222;15;20;87.5;4375;94;122;216
1060;5;27;F;350;0.097222222;30;6;175;29166.66667;236;304;550
1061;5;27;F;350;0.097222222;30;10;175;17500;185;240;422
1062;5;27;F;350;0.097222222;30;20;175;8750;133;173;301
1063;5;27;F;350;0.097222222;45;9;262.5;29166.66667;238;307;549
1064;5;27;F;350;0.097222222;45;13;262.5;20192.30769;200;259;454
1065;5;27;F;350;0.097222222;45;20;262.5;13125;163;212;364
1066;5;27;F;550;0.152777778;2;6;18.33333333;3055.555556;76;99;175
1067;5;27;F;550;0.152777778;2;10;18.33333333;1833.333333;60;78;138
1068;5;27;F;550;0.152777778;2;20;18.33333333;916.6666667;43;56;99
1069;5;27;F;550;0.152777778;5;5;45.83333333;9166.666667;132;172;301
1070;5;27;F;550;0.152777778;5;10;45.83333333;4583.333333;94;123;218
1071;5;27;F;550;0.152777778;5;20;45.83333333;2291.666667;68;88;157
1072;5;27;F;550;0.152777778;15;5;137.5;27500;229;296;534
1073;5;27;F;550;0.152777778;15;10;137.5;13750;164;213;372
1074;5;27;F;550;0.152777778;15;20;137.5;6875;117;153;269
1075;5;27;F;550;0.152777778;30;9;275;30555.55556;243;313;562
1076;5;27;F;550;0.152777778;30;14;275;19642.85714;197;256;448
1077;5;27;F;550;0.152777778;30;20;275;13750;166;217;373
1078;5;27;F;550;0.152777778;45;14;412.5;29464.28571;241;310;551
1079;5;27;F;550;0.152777778;45;18;412.5;22916.66667;215;277;486
1080;5;27;F;550;0.152777778;45;22;412.5;18750;195;252;440
1081;5;30;B;250;0.069444444;2;5;8.333333333;1666.666667;23;23;33
1082;5;30;B;250;0.069444444;2;10;8.333333333;833.3333333;16;16;23
1083;5;30;B;250;0.069444444;2;20;8.333333333;416.6666667;11;11;17
1084;5;30;B;250;0.069444444;5;5;20.83333333;4166.666667;36;36;50
1085;5;30;B;250;0.069444444;5;10;20.83333333;2083.333333;26;26;36
1086;5;30;B;250;0.069444444;5;20;20.83333333;1041.666667;18;18;27
1087;5;30;B;250;0.069444444;15;5;62.5;12500;63;63;85
1088;5;30;B;250;0.069444444;15;10;62.5;6250;45;45;62
1089;5;30;B;250;0.069444444;15;20;62.5;3125;31;32;45
1090;5;30;B;250;0.069444444;30;5;125;25000;89;89;117
1091;5;30;B;250;0.069444444;30;10;125;12500;63;63;86
1092;5;30;B;250;0.069444444;30;20;125;6250;45;45;63
1093;5;30;B;250;0.069444444;45;6;187.5;31250;100;100;130
1094;5;30;B;250;0.069444444;45;10;187.5;18750;77;77;104
1095;5;30;B;250;0.069444444;45;20;187.5;9375;55;55;76
1096;5;30;B;350;0.097222222;2;6;11.66666667;1944.444444;25;25;35
1097;5;30;B;350;0.097222222;2;10;11.66666667;1166.666667;19;19;28
1098;5;30;B;350;0.097222222;2;20;11.66666667;583.3333333;14;14;20
1099;5;30;B;350;0.097222222;5;6;29.16666667;4861.111111;39;39;54
1100;5;30;B;350;0.097222222;5;10;29.16666667;2916.666667;30;30;43
1101;5;30;B;350;0.097222222;5;20;29.16666667;1458.333333;22;22;31
1102;5;30;B;350;0.097222222;15;5;87.5;17500;75;75;99
1103;5;30;B;350;0.097222222;15;10;87.5;8750;53;53;72
1104;5;30;B;350;0.097222222;15;20;87.5;4375;38;38;53
1105;5;30;B;350;0.097222222;30;6;175;29166.66667;96;96;127
1106;5;30;B;350;0.097222222;30;10;175;17500;75;75;100
1107;5;30;B;350;0.097222222;30;20;175;8750;53;53;74
1108;5;30;B;350;0.097222222;45;9;262.5;29166.66667;96;96;127
1109;5;30;B;350;0.097222222;45;13;262.5;20192.30769;80;80;108
1110;5;30;B;350;0.097222222;45;20;262.5;13125;64;65;89
1111;5;30;B;550;0.152777778;2;5.5;18.33333333;3333.333333;33;33;45
1112;5;30;B;550;0.152777778;2;10;18.33333333;1833.333333;24;24;34
1113;5;30;B;550;0.152777778;2;20;18.33333333;916.6666667;17;17;25
1114;5;30;B;550;0.152777778;5;5;45.83333333;9166.666667;54;54;73
1115;5;30;B;550;0.152777778;5;10;45.83333333;4583.333333;38;38;53
1116;5;30;B;550;0.152777778;5;20;45.83333333;2291.666667;27;27;39
1117;5;30;B;550;0.152777778;15;5;137.5;27500;94;94;123
1118;5;30;B;550;0.152777778;15;10;137.5;13750;66;66;89
1119;5;30;B;550;0.152777778;15;20;137.5;6875;47;47;66
1120;5;30;B;550;0.152777778;30;9;275;30555.55556;99;99;130
1121;5;30;B;550;0.152777778;30;14;275;19642.85714;79;79;107
1122;5;30;B;550;0.152777778;30;20;275;13750;66;66;91
1123;5;30;B;550;0.152777778;45;14;412.5;29464.28571;97;97;130
1124;5;30;B;550;0.152777778;45;18;412.5;22916.66667;85;85;116
1125;5;30;B;550;0.152777778;45;24;412.5;17187.5;74;74;102
1126;5;30;D;250;0.069444444;2;5;8.333333333;1666.666667;28;36;63
1127;5;30;D;250;0.069444444;2;10;8.333333333;833.3333333;20;27;45
1128;5;30;D;250;0.069444444;2;20;8.333333333;416.6666667;15;19;33
1129;5;30;D;250;0.069444444;5;5;20.83333333;4166.666667;44;56;99
1130;5;30;D;250;0.069444444;5;10;20.83333333;2083.333333;32;41;71
1131;5;30;D;250;0.069444444;5;20;20.83333333;1041.666667;23;30;52
1132;5;30;D;250;0.069444444;15;5;62.5;12500;75;97;168
1133;5;30;D;250;0.069444444;15;10;62.5;6250;54;70;122
1134;5;30;D;250;0.069444444;15;20;62.5;3125;39;51;88
1135;5;30;D;250;0.069444444;30;5;125;25000;105;135;237
1136;5;30;D;250;0.069444444;30;10;125;12500;75;98;171
1137;5;30;D;250;0.069444444;30;20;125;6250;55;71;124
1138;5;30;D;250;0.069444444;45;6;187.5;31250;117;151;265
1139;5;30;D;250;0.069444444;45;10;187.5;18750;92;119;208
1140;5;30;D;250;0.069444444;45;20;187.5;9375;67;86;150
1141;5;30;D;350;0.097222222;2;6;11.66666667;1944.444444;30;39;68
1142;5;30;D;350;0.097222222;2;10;11.66666667;1166.666667;24;31;54
1143;5;30;D;350;0.097222222;2;20;11.66666667;583.3333333;17;23;39
1144;5;30;D;350;0.097222222;5;5.5;29.16666667;5303.030303;49;64;111
1145;5;30;D;350;0.097222222;5;10;29.16666667;2916.666667;38;49;84
1146;5;30;D;350;0.097222222;5;20;29.16666667;1458.333333;27;35;61
1147;5;30;D;350;0.097222222;15;5;87.5;17500;88;114;199
1148;5;30;D;350;0.097222222;15;10;87.5;8750;64;82;143
1149;5;30;D;350;0.097222222;15;20;87.5;4375;46;60;104
1150;5;30;D;350;0.097222222;30;6;175;29166.66667;113;146;256
1151;5;30;D;350;0.097222222;30;10;175;17500;89;115;201
1152;5;30;D;350;0.097222222;30;20;175;8750;64;84;146
1153;5;30;D;350;0.097222222;45;9;262.5;29166.66667;114;147;258
1154;5;30;D;350;0.097222222;45;10;262.5;26250;108;141;246
1155;5;30;D;350;0.097222222;45;20;262.5;13125;78;102;178
1156;5;30;D;550;0.152777778;2;5.5;18.33333333;3333.333333;39;51;88
1157;5;30;D;550;0.152777778;2;10;18.33333333;1833.333333;30;39;67
1158;5;30;D;550;0.152777778;2;20;18.33333333;916.6666667;22;28;49
1159;5;30;D;550;0.152777778;5;5;45.83333333;9166.666667;64;83;144
1160;5;30;D;550;0.152777778;5;10;45.83333333;4583.333333;47;60;105
1161;5;30;D;550;0.152777778;5;20;45.83333333;2291.666667;34;44;76
1162;5;30;D;550;0.152777778;15;5;137.5;27500;110;142;248
1163;5;30;D;550;0.152777778;15;10;137.5;13750;79;102;179
1164;5;30;D;550;0.152777778;15;20;137.5;6875;58;74;130
1165;5;30;D;550;0.152777778;30;9;275;30555.55556;116;151;265
1166;5;30;D;550;0.152777778;30;14;275;19642.85714;95;123;215
1167;5;30;D;550;0.152777778;30;20;275;13750;80;104;182
1168;5;30;D;550;0.152777778;45;14;412.5;29464.28571;116;150;262
1169;5;30;D;550;0.152777778;45;18;412.5;22916.66667;103;133;233
1170;5;30;D;550;0.152777778;45;20;412.5;20625;98;127;222
1171;5;30;F;250;0.069444444;2;5;8.333333333;1666.666667;60;78;138
1172;5;30;F;250;0.069444444;2;10;8.333333333;833.3333333;44;56;99
1173;5;30;F;250;0.069444444;2;20;8.333333333;416.6666667;31;41;72
1174;5;30;F;250;0.069444444;5;5;20.83333333;4166.666667;95;124;219
1175;5;30;F;250;0.069444444;5;10;20.83333333;2083.333333;68;89;157
1176;5;30;F;250;0.069444444;5;20;20.83333333;1041.666667;49;64;113
1177;5;30;F;250;0.069444444;15;5;62.5;12500;166;216;381
1178;5;30;F;250;0.069444444;15;10;62.5;6250;118;154;271
1179;5;30;F;250;0.069444444;15;20;62.5;3125;85;111;196
1180;5;30;F;250;0.069444444;30;5;125;25000;234;302;546
1181;5;30;F;250;0.069444444;30;10;125;12500;168;218;381
1182;5;30;F;250;0.069444444;30;20;125;6250;121;157;275
1183;5;30;F;250;0.069444444;45;6;187.5;31250;261;339;613
1184;5;30;F;250;0.069444444;45;10;187.5;18750;205;266;470
1185;5;30;F;250;0.069444444;45;20;187.5;9375;147;193;333
1186;5;30;F;350;0.097222222;2;6;11.66666667;1944.444444;65;85;150
1187;5;30;F;350;0.097222222;2;10;11.66666667;1166.666667;52;67;117
1188;5;30;F;350;0.097222222;2;20;11.66666667;583.3333333;37;49;85
1189;5;30;F;350;0.097222222;5;6;29.16666667;4861.111111;103;134;237
1190;5;30;F;350;0.097222222;5;10;29.16666667;2916.666667;81;105;186
1191;5;30;F;350;0.097222222;5;20;29.16666667;1458.333333;58;76;134
1192;5;30;F;350;0.097222222;15;5;87.5;17500;196;254;454
1193;5;30;F;350;0.097222222;15;10;87.5;8750;140;183;318
1194;5;30;F;350;0.097222222;15;20;87.5;4375;100;131;232
1195;5;30;F;350;0.097222222;30;6;175;29166.66667;252;357;591
1196;5;30;F;350;0.097222222;30;10;175;17500;199;257;454
1197;5;30;F;350;0.097222222;30;20;175;8750;143;186;323
1198;5;30;F;350;0.097222222;45;9;262.5;29166.66667;255;327;589
1199;5;30;F;350;0.097222222;45;14;262.5;18750;207;268;470
1200;5;30;F;350;0.097222222;45;24;262.5;10937.5;160;209;359
1201;5;30;F;550;0.152777778;2;6;18.33333333;3055.555556;81;106;188
1202;5;30;F;550;0.152777778;2;10;18.33333333;1833.333333;64;83;147
1203;5;30;F;550;0.152777778;2;20;18.33333333;916.6666667;47;60;106
1204;5;30;F;550;0.152777778;5;5;45.83333333;9166.666667;141;185;324
1205;5;30;F;550;0.152777778;5;10;45.83333333;4583.333333;101;132;233
1206;5;30;F;550;0.152777778;5;20;45.83333333;2291.666667;73;95;168
1207;5;30;F;550;0.152777778;15;5;137.5;27500;245;318;574
1208;5;30;F;550;0.152777778;15;10;137.5;13750;176;229;400
1209;5;30;F;550;0.152777778;15;20;137.5;6875;126;165;288
1210;5;30;F;550;0.152777778;30;9;275;30555.55556;260;335;603
1211;5;30;F;550;0.152777778;30;10;275;27500;248;320;572
1212;5;30;F;550;0.152777778;30;20;275;13750;179;233;401
1213;5;30;F;550;0.152777778;45;14;412.5;29464.28571;258;332;592
1214;5;30;F;550;0.152777778;45;18;412.5;22916.66667;230;296;521
1215;5;30;F;550;0.152777778;45;23;412.5;17934.78261;205;265;462
